entrezgene,go.BP,go.CC,go.MF,pathway.kegg
3356,GO:0008219;GO:0014832;GO:0007187;GO:0048148;GO:0043406;GO:0051209;GO:0007268;GO:0007208;GO:0044380;GO:0030431;GO:0001659;GO:0043267;GO:0010513;GO:0007568;GO:0045821;GO:0045907;GO:0051967;GO:0050731;GO:0070374;GO:0007210;GO:0098664;GO:0007200;GO:0007613;GO:0008284;GO:0009410;GO:0046718;GO:2000300;GO:0014065;GO:0006874;GO:0014824;GO:0014059;GO:0050965;GO:0007202;GO:0045600;GO:0050966,GO:0099055;GO:0043198;GO:0005886;GO:0099056;GO:0005901;GO:0030425;GO:0070852;GO:0030424;GO:0043025;GO:0098666;GO:0098978;GO:0005887;GO:0031410;GO:0005829,GO:0042802;GO:0001618;GO:0071886;GO:0044877;GO:0005515;GO:0001587;GO:0030594;GO:0004993;GO:0051378,hsa04080;hsa04020;hsa04540;hsa04750;hsa04726
126,GO:0042572;GO:0006069;GO:0042573,GO:0005829;GO:0005886;GO:0005654,GO:0004024;GO:0004022;GO:0008270;GO:0004745,hsa05204;hsa00982;hsa00350;hsa00830;hsa00071;hsa00010;hsa00620;hsa00980
125,GO:0042572;GO:0001523;GO:0006069;GO:0042573,GO:0005829;GO:0005886;GO:0005654,GO:0004024;GO:0008270;GO:0004745,hsa05204;hsa00982;hsa00350;hsa00830;hsa00071;hsa00010;hsa00620;hsa00980
2555,GO:1902476;GO:0060078;GO:1904862;GO:0042391;GO:0050877;GO:0007214;GO:0007165;GO:0001505;GO:0034220;GO:0006836;GO:0007268;GO:0051932,GO:0045202;GO:0099060;GO:0034707;GO:0005886;GO:1902711;GO:0043005;GO:0060077;GO:0030424;GO:0098982;GO:0098794;GO:0005887;GO:0030285;GO:0043025;GO:0032590,GO:0008503;GO:0005237;GO:0022851;GO:0004890;GO:0005254;GO:0030594;GO:1904315,hsa04080;hsa05033;hsa04742;hsa05032;hsa04723;hsa04727
6452,GO:0007165,,GO:0017124;GO:0001784;GO:0005515,hsa04650
10672,GO:0007189;GO:1904753;GO:0007188;GO:1904706;GO:0007165;GO:0007266;GO:0031584;GO:0007204;GO:0051056,GO:0005737;GO:0005886;GO:0005925;GO:0005834;GO:0016020;GO:0042470;GO:0031526;GO:0070062;GO:0005829;GO:0005634,GO:0031683;GO:0005515;GO:0046872;GO:0001664;GO:0031752;GO:0005525;GO:0005085;GO:0003924,hsa04270;hsa05130;hsa05200;hsa04371;hsa04730;hsa04928;hsa05163;hsa04022;hsa04071;hsa04611;hsa04072;hsa04810
4067,GO:0042531;GO:0048013;GO:0071300;GO:0045087;GO:0006974;GO:0014003;GO:1902961;GO:0009636;GO:0050900;GO:0043304;GO:0001932;GO:0051272;GO:0001934;GO:0014070;GO:0007169;GO:0001782;GO:0002774;GO:0018108;GO:0002862;GO:0002902;GO:0030889;GO:0002553;GO:0034136;GO:0034142;GO:0033003;GO:0043407;GO:1902532;GO:0070304;GO:0046777;GO:0038095;GO:0031175;GO:0009725;GO:0001933;GO:0090025;GO:0060369;GO:0033628;GO:2000670;GO:0070372;GO:0035556;GO:0010976;GO:0060397;GO:0051279;GO:0031663;GO:0007165;GO:0070668;GO:0008285;GO:0045646;GO:0070667;GO:0002223;GO:0070373;GO:0034144;GO:0050853;GO:0009410;GO:0070447;GO:0050777;GO:0002576;GO:0030335;GO:0050855;GO:0090330;GO:0034605;GO:0002250;GO:0001817;GO:0006468;GO:0002513;GO:0030218;GO:0038096;GO:0031668;GO:0002431;GO:0097028;GO:0043200;GO:0048678;GO:0009743;GO:0002762;GO:0002768;GO:0008284;GO:0030154;GO:0060252;GO:0031295;GO:0043552;GO:0006991;GO:0032868,GO:0031234;GO:0030061;GO:0034666;GO:0005912;GO:0005829;GO:0014069;GO:0005886;GO:0043231;GO:0005794;GO:0070062;GO:0005737;GO:0030666;GO:0045121;GO:0005758;GO:0048471;GO:0099091;GO:0005765;GO:0098978;GO:0005634,GO:0005102;GO:0005161;GO:0017124;GO:0051219;GO:0097110;GO:0005178;GO:0004714;GO:0046875;GO:0043208;GO:0005515;GO:0043015;GO:0140031;GO:0031625;GO:0005524;GO:0004715;GO:0044325;GO:0004713;GO:0016301,hsa04664;hsa04662;hsa04064;hsa04730;hsa05167;hsa05120;hsa04062;hsa05203;hsa05169;hsa05417;hsa04611;hsa04666
6714,GO:0043114;GO:0070301;GO:2000394;GO:0046628;GO:0048013;GO:2001243;GO:2000386;GO:0031333;GO:0033625;GO:0045087;GO:0051057;GO:0051897;GO:0050900;GO:0045747;GO:0071498;GO:0070374;GO:0043149;GO:2000573;GO:0007229;GO:0014068;GO:0038083;GO:0007169;GO:0007173;GO:0070102;GO:0018108;GO:0002862;GO:0045453;GO:0051902;GO:0045893;GO:0048010;GO:0034446;GO:0070555;GO:0032148;GO:0043154;GO:0071375;GO:0098962;GO:0001545;GO:0048041;GO:0050847;GO:0010954;GO:0098609;GO:0038128;GO:0042476;GO:0046777;GO:0009615;GO:0045124;GO:0031667;GO:0035635;GO:1900182;GO:2001237;GO:0036035;GO:0050731;GO:0035556;GO:0034332;GO:0060065;GO:0045892;GO:0060444;GO:0008283;GO:0051602;GO:0043406;GO:0071456;GO:0010447;GO:0010632;GO:0007049;GO:0007165;GO:0022407;GO:0035306;GO:0010907;GO:2000641;GO:0016236;GO:0018105;GO:0007172;GO:0043065;GO:0036120;GO:0002223;GO:0051974;GO:0014911;GO:0030168;GO:0071398;GO:0009410;GO:0007155;GO:0051895;GO:0033146;GO:2000811;GO:0071902;GO:0043393;GO:0051222;GO:0060491;GO:0060576;GO:2001286;GO:0010634;GO:0090263;GO:0045056;GO:0086098;GO:0043066;GO:0048011;GO:0001819;GO:1903997;GO:0051385;GO:0031954;GO:0045737;GO:0038096;GO:0071803;GO:0048477;GO:0032211;GO:0030900;GO:0031648;GO:0009612;GO:0032869;GO:0071222;GO:0030154;GO:0031295;GO:0071393;GO:2000588;GO:0007179;GO:0043552,GO:0031234;GO:0005901;GO:0030054;GO:0005925;GO:0098978;GO:0005770;GO:0005764;GO:0002102;GO:0005654;GO:0032587;GO:0005829;GO:0014069;GO:0005886;GO:0005743;GO:0070062;GO:0005737;GO:0045121;GO:0043005;GO:0048471;GO:0005884;GO:0099091;GO:0005739,GO:0005102;GO:0004714;GO:0031625;GO:0004715;GO:0045296;GO:0051219;GO:0046875;GO:0004713;GO:0030331;GO:0008022;GO:0016004;GO:0051117;GO:0097110;GO:0070851;GO:0005178;GO:0019900;GO:0043274;GO:0019899;GO:0070700;GO:0071253;GO:0005158;GO:0005080;GO:0042169;GO:0020037;GO:0005515;GO:0005524;GO:0044325;GO:0004672,hsa04360;hsa04625;hsa04540;hsa04919;hsa05130;hsa05417;hsa04370;hsa05219;hsa05135;hsa04921;hsa04926;hsa04520;hsa04912;hsa04012;hsa05167;hsa05418;hsa04613;hsa04015;hsa04915;hsa04510;hsa05205;hsa05152;hsa04750;hsa04062;hsa04611;hsa05100;hsa05120;hsa05131;hsa04530;hsa04917;hsa05163;hsa05203;hsa05161;hsa04727;hsa04137;hsa05168;hsa04144;hsa04810
1272,GO:0010628;GO:0007155;GO:0007219;GO:0010976;GO:0021549;GO:0010765;GO:0050731;GO:0031175,GO:0099025;GO:0045121;GO:0099026;GO:0016020;GO:0070062,GO:0005515;GO:0030246,hsa04514
23180,GO:0050853;GO:0040010;GO:1903044;GO:0043330;GO:0033227;GO:0034138;GO:0050852;GO:0001765;GO:0032596;GO:0032740;GO:0002457,GO:0005737;GO:0005886;GO:0045121;GO:0005768;GO:0032991;GO:0005769;GO:0070062,GO:0003725,
2690,GO:0019530;GO:0043278;GO:1901215;GO:0042531;GO:0048009;GO:0043406;GO:0046427;GO:0032094;GO:0070555;GO:0045597;GO:0042445;GO:0019221;GO:0060351;GO:0040018;GO:0060396;GO:0007259;GO:0009755;GO:0032869;GO:0040014;GO:0032870;GO:0006897;GO:0042976;GO:0050731;GO:0051384,GO:0070195;GO:0005886;GO:0043235;GO:0009986;GO:0016021;GO:0005576;GO:0036464;GO:0043025;GO:0009897;GO:0005887;GO:0005739;GO:0005615;GO:0005829;GO:0005634,GO:0042802;GO:0004903;GO:0070064;GO:0004896;GO:0005515;GO:0019901;GO:0019903;GO:0042803;GO:0019838;GO:0017046;GO:0042169;GO:0019955,hsa04080;hsa04935;hsa04630;hsa04151;hsa04060
4544,GO:0051971;GO:0043010;GO:0046010;GO:0045906;GO:0043524;GO:0051481;GO:1902260;GO:0007187;GO:0046676;GO:0007186;GO:0050796;GO:0010754;GO:0051970;GO:0098908;GO:0007268;GO:0042593,GO:0045202;GO:0005887;GO:0005886,GO:0004930;GO:0008502;GO:0005515,hsa04080;hsa04713
643,GO:0019722;GO:0048535;GO:0060326;GO:0070098;GO:0042113;GO:0030595;GO:0007186;GO:0032467;GO:0007204;GO:0006955,GO:0005887;GO:0009897;GO:0005886,GO:0019957;GO:0016493;GO:0016494;GO:0004930;GO:0005515,hsa04062;hsa04060;hsa04061
2065,GO:0042060;GO:0042127;GO:0007422;GO:0097192;GO:0009968;GO:0007162;GO:0043524;GO:0007507;GO:0014037;GO:0007165;GO:0007399;GO:0051402;GO:0007275;GO:0061098;GO:0014068;GO:0021545;GO:0008284;GO:0007169;GO:0033674;GO:0014065;GO:0051048;GO:0018108,GO:0005886;GO:0043235;GO:0038143;GO:0009925;GO:0016323;GO:0005887;GO:0005615,GO:0042802;GO:0004888;GO:0004714;GO:0038132;GO:0005515;GO:0038131;GO:0043125;GO:0046982;GO:0031625;GO:0019838;GO:0005524;GO:0004713;GO:0030296,hsa05205;hsa04020;hsa04012;hsa04010;hsa04151;hsa05206
150,GO:0071875;GO:0032811;GO:0050995;GO:0030335;GO:0046676;GO:0043406;GO:0045741;GO:0007266;GO:0050892;GO:0035624;GO:0010700;GO:0001819;GO:0032148;GO:0043410;GO:0071882;GO:0030036;GO:0007189;GO:0045955;GO:0090303;GO:0071881;GO:0051926;GO:0071880;GO:0007265;GO:1901020;GO:0030168;GO:0006940;GO:0042593;GO:0007193;GO:0032147;GO:0043268;GO:0051044;GO:0008284;GO:0061179;GO:0032870;GO:2000300;GO:0042596;GO:0007186;GO:0019229,GO:0005737;GO:0005886;GO:0043235;GO:0016323;GO:0098691;GO:0005887,GO:0051379;GO:0051380;GO:0046982;GO:0019901;GO:0004930;GO:0005515;GO:0042803;GO:0031996;GO:0031696;GO:0031692;GO:0004938;GO:0032795,hsa04080;hsa04022
9628,GO:0035556;GO:0009968;GO:0008277;GO:0007186;GO:0043547,GO:0005886;GO:0005829;GO:0019898;GO:0005634,GO:0005096;GO:0005515;GO:0003924,
1230,GO:0019722;GO:0009611;GO:0051928;GO:0030335;GO:0007187;GO:0030502;GO:0006954;GO:0006955;GO:0060326;GO:0019221;GO:0007204;GO:0006887;GO:0045672;GO:0006935;GO:0006816;GO:0007267;GO:0070374;GO:0090026;GO:0002407;GO:0010629;GO:0007155;GO:0070098;GO:0006874;GO:0007166,GO:0005737;GO:0005887;GO:0009897;GO:0005886,GO:0035717;GO:0019957;GO:0016493;GO:0004435;GO:0005515;GO:0004950;GO:0071791,hsa05167;hsa04062;hsa05163;hsa04060;hsa04061
104909134,,,,
6382,GO:0042060;GO:0042476;GO:0001657;GO:0060070;GO:0016477;GO:0060009;GO:0051591;GO:0055002;GO:0051592;GO:1903553;GO:0006954;GO:0048627;GO:1903543;GO:0051384;GO:0042542;GO:0009636,GO:0005886;GO:0009986;GO:0043202;GO:0009897;GO:0032991;GO:0005887;GO:0005796;GO:0070062,GO:0005515;GO:0042802;GO:0008022,hsa05205;hsa04514;hsa04512;hsa05418;hsa05144
2864,GO:0032691;GO:0030073;GO:0051928;GO:0007186;GO:0032024;GO:0007204;GO:0070542;GO:0042593,GO:0005887;GO:0005886,GO:0008289;GO:0045125;GO:0004930,hsa04911
54331,GO:0071380;GO:0007186;GO:0007191;GO:0071870,GO:0005834;GO:0016020;GO:0005886;GO:0070062,GO:0005515;GO:0031681,hsa05170;hsa04926;hsa04724;hsa05200;hsa04371;hsa05167;hsa05032;hsa04062;hsa05163;hsa04723;hsa04725;hsa04727;hsa04151;hsa04713;hsa04728;hsa04014;hsa04726;hsa05034
29899,GO:0060236;GO:0051661;GO:1904778;GO:0031291;GO:0007052;GO:0007186;GO:0000132;GO:0051301;GO:0050790;GO:1905832,GO:0005737;GO:0005938;GO:0016328;GO:0097431;GO:0099738;GO:0005813;GO:0097575;GO:0032991;GO:0005829,GO:0042802;GO:0000166;GO:0043621;GO:0005515;GO:0001965;GO:0005092;GO:0019904;GO:0070840;GO:0008022,
10287,GO:0006914;GO:0009968;GO:0007264;GO:0007186;GO:0045471,GO:0005903;GO:0005886;GO:0045121;GO:0016020;GO:0030136;GO:0005794,GO:0005515;GO:0001965;GO:0003924,
2790,GO:0007165;GO:0007186,GO:0005834;GO:0005886,GO:0005515;GO:0003924;GO:0031681,hsa05170;hsa04926;hsa04724;hsa05200;hsa04371;hsa05167;hsa05032;hsa04062;hsa05163;hsa04723;hsa04725;hsa04727;hsa04151;hsa04713;hsa04728;hsa04014;hsa04726;hsa05034
55970,GO:0032496;GO:0007165;GO:0021987;GO:0007186,GO:0005834;GO:0005886;GO:0005884;GO:0070062,GO:0005515;GO:0042301;GO:0030165;GO:0031681,hsa04724;hsa04371;hsa05032;hsa04010;hsa04713;hsa04926;hsa04014;hsa04726;hsa05200;hsa05167;hsa04723;hsa04151;hsa04062;hsa05170;hsa04728;hsa05034;hsa05163;hsa04727;hsa04725;hsa04810
774,GO:0070509;GO:0050804;GO:1904645;GO:0006816;GO:0034765;GO:0007268;GO:0070588,GO:0045202;GO:0005891;GO:0005886,GO:0005515;GO:0001540;GO:0005509;GO:0008331;GO:0005524;GO:0005245;GO:0008022,hsa05033;hsa04721;hsa04020;hsa05020;hsa05016;hsa05022;hsa05032;hsa04930;hsa04723;hsa04010;hsa04727;hsa04725;hsa04728;hsa04726
64131,GO:0015012;GO:0006024;GO:0030203;GO:0043931;GO:0050650;GO:0048706;GO:0030206;GO:0030166,GO:0000137;GO:0005615;GO:0016021;GO:0000139,GO:0030158;GO:0046872,hsa00534;hsa00532
868,GO:0046642;GO:0035556;GO:0006607;GO:0018193;GO:0050852;GO:2000583;GO:0031398;GO:0043087;GO:0007165;GO:0002669;GO:0042110;GO:0045732;GO:0016567;GO:0007175;GO:0006955;GO:0050860;GO:0043393,GO:0005829;GO:0005886;GO:0005654;GO:0045121,GO:0008270;GO:0001784;GO:0017124;GO:0061630;GO:0005515;GO:0005509;GO:0030971,hsa04910;hsa04625;hsa04012;hsa04660;hsa05162;hsa04144;hsa04120
27,GO:0006464;GO:0035640;GO:0071300;GO:0007155;GO:0051353;GO:0035024;GO:2000145;GO:0010976;GO:0010863;GO:0007165;GO:2000249;GO:0030155;GO:0030100;GO:0010506;GO:0007204;GO:0018108,GO:0015629;GO:0005829,GO:0001784;GO:0004714;GO:0005515;GO:0003785;GO:0030145;GO:0005524;GO:0051015;GO:0004715;GO:0004713;GO:0000287;GO:0004672,hsa04012;hsa05416;hsa04014
375519,GO:0055085;GO:0007267,GO:0005922;GO:0016021,GO:0005243,
10399,GO:0017148;GO:0051726;GO:0030335;GO:1903208;GO:0006919;GO:0048511;GO:0051898;GO:0061099;GO:0043547;GO:0071363;GO:2000114;GO:0033137;GO:0007049;GO:0050765;GO:0051302;GO:0051343;GO:0016567;GO:0045879;GO:2000543;GO:0030178;GO:0007369;GO:1900102;GO:0006915;GO:0032091;GO:0043065;GO:0001934;GO:0031334;GO:0010629;GO:0032880;GO:0032436;GO:0072344;GO:2001244;GO:0071333;GO:0043473;GO:0030308;GO:0042998;GO:0051901,GO:0001891;GO:0005737;GO:0030425;GO:0048471;GO:0043025;GO:0015935;GO:0043204;GO:1990630;GO:0005654;GO:0030496;GO:0005739;GO:0070062;GO:0005829;GO:0005634,GO:0005102;GO:0045296;GO:0008200;GO:0008656;GO:0019899;GO:0005515;GO:0019903;GO:0042803;GO:0043022;GO:0060090;GO:0030292;GO:0051434;GO:0030332;GO:0005080;GO:0030971;GO:0042169;GO:0003723;GO:0035591,hsa05162
4233,GO:0031116;GO:0061436;GO:0048012;GO:0070495;GO:0001889;GO:0006909;GO:0050918;GO:0031016;GO:0001886;GO:1901299;GO:0071526;GO:0007165;GO:0045944;GO:0007399;GO:0051897;GO:0016477;GO:0007275;GO:0007169;GO:0030182;GO:0033674;GO:1905098;GO:0010507;GO:0048754;GO:0051497;GO:2001028;GO:0035024;GO:0018108;GO:0007166,GO:0005886;GO:0043235;GO:0009986;GO:0016021;GO:0005576;GO:0009925;GO:0005887,GO:0042802;GO:0005008;GO:0004714;GO:0005515;GO:0019903;GO:0017154;GO:0005524;GO:0004713,hsa04360;hsa04020;hsa04010;hsa04014;hsa05211;hsa05200;hsa05223;hsa04015;hsa04151;hsa05202;hsa04510;hsa05205;hsa05225;hsa05230;hsa05218;hsa05206;hsa05100;hsa05226;hsa05120;hsa05144;hsa04520
2775,GO:0006936;GO:0009410;GO:0030900;GO:0007568;GO:0042475;GO:0007626;GO:0043278;GO:0007188;GO:0007212;GO:0008016;GO:0051926;GO:0034097;GO:0043547;GO:0031175;GO:0042542,GO:0005886;GO:0044297;GO:0030425;GO:0005834;GO:0043209,GO:0031821;GO:0051430;GO:0031683;GO:0005515;GO:0046872;GO:0001664;GO:0031852;GO:0032794;GO:0005525;GO:0003924,hsa04724;hsa05032;hsa05145;hsa04921;hsa04713;hsa04926;hsa04916;hsa04726;hsa04015;hsa04723;hsa04915;hsa05170;hsa04728;hsa05034;hsa04730;hsa05163;hsa05142;hsa04727;hsa04725
1969,GO:0030316;GO:0021915;GO:0048013;GO:0060444;GO:0051898;GO:0043491;GO:0006954;GO:0072659;GO:0050830;GO:0014028;GO:0033598;GO:0045765;GO:0016525;GO:0060326;GO:0036342;GO:1903348;GO:0046058;GO:0048870;GO:0070309;GO:1904238;GO:0010591;GO:0002043;GO:0060035;GO:0090630;GO:0001570;GO:0043535;GO:0016477;GO:0007275;GO:0001501;GO:0070848;GO:0007411;GO:1903078;GO:0001649;GO:0048320;GO:0046849;GO:0007155;GO:0007169;GO:0046718;GO:0030216;GO:0033674;GO:0032682;GO:1901491;GO:0008630;GO:0033628;GO:0018108;GO:0070372,GO:0031258;GO:0005886;GO:0043235;GO:0009986;GO:0005925;GO:0043005;GO:0030027;GO:0031256;GO:0032587;GO:0005887;GO:0070160,GO:0045296;GO:0001618;GO:0004714;GO:0005515;GO:0005005;GO:0005524;GO:0019838,hsa04360;hsa04015;hsa04010;hsa04151;hsa04014
1399,GO:0035556;GO:0035685;GO:0048384;GO:0098761;GO:0003151;GO:0006629;GO:0007254;GO:0021987;GO:0095500;GO:0098749;GO:0001783;GO:0060326;GO:1904888;GO:0050852;GO:0038026;GO:0001764;GO:0007165;GO:0021766;GO:0060465;GO:0009952;GO:0001558;GO:0007338;GO:0071560;GO:0090630;GO:0001568;GO:0007416;GO:0048538;GO:0016477;GO:0070374;GO:0001934;GO:0050773;GO:0007265;GO:0010629;GO:0060017;GO:0008543;GO:0086100;GO:1903977;GO:0001933;GO:0007283;GO:0008284;GO:0016358;GO:0008584;GO:0030010;GO:0001655;GO:1900026;GO:1904393;GO:0033628;GO:2000404;GO:0071466,GO:0031594;GO:0005654;GO:0032991;GO:0005829;GO:0098890,GO:0045296;GO:0001784;GO:0042802;GO:0005515;GO:0035591;GO:0030971;GO:0003723,hsa05135;hsa04010;hsa04012;hsa05200;hsa05211;hsa04015;hsa04510;hsa04666;hsa04910;hsa04062;hsa04722;hsa05170;hsa05206;hsa05100;hsa04935;hsa05131;hsa05163;hsa05220;hsa04810
27293,GO:0008150;GO:0045087;GO:0050728;GO:0046466;GO:0006954;GO:0006685;GO:0034122,GO:0031225;GO:0005615;GO:0005886;GO:0070062,GO:0008270;GO:0004767;GO:0016798;GO:0008081,
84548,,GO:0030425;GO:0016021,GO:0005515,
114787,GO:0031175,GO:0030426;GO:0005886,GO:0051219,
5064,GO:0008360;GO:0007010;GO:0071257;GO:0051491;GO:0060074;GO:0072659;GO:0007194;GO:0007193;GO:0060160,GO:0014069;GO:0005886;GO:0016327;GO:0032591;GO:0030424;GO:0016323;GO:0005654;GO:0031235;GO:0031527;GO:0031410,GO:0031750;GO:0005515,
7409,GO:0051056;GO:0038095;GO:0008361;GO:0072593;GO:0030168;GO:0043547;GO:0030593;GO:0030217;GO:0031295;GO:0043087;GO:0007264;GO:0007186;GO:0045954;GO:0048010;GO:0007229;GO:0038096;GO:0006955,GO:0005911;GO:0005886;GO:0005829,GO:0001784;GO:0140031;GO:0005515;GO:0046872;GO:0005085,hsa05205;hsa04810;hsa04664;hsa04662;hsa04650;hsa04062;hsa05135;hsa04015;hsa04660;hsa05417;hsa04024;hsa04670;hsa04510;hsa04666
10544,GO:0050819;GO:0007596,GO:0005886;GO:0009986;GO:0005925;GO:0005576;GO:0048471;GO:0005813;GO:0005887;GO:0005615;GO:0070062,GO:0005515;GO:0038023,hsa04610
2787,GO:0007165;GO:0007186,GO:0005834;GO:0016020;GO:0005886;GO:0070062,GO:0005515;GO:0003924;GO:0030165;GO:0031681,hsa05170;hsa04926;hsa04724;hsa05200;hsa04371;hsa05167;hsa05032;hsa04062;hsa05163;hsa04723;hsa04725;hsa04727;hsa04151;hsa04713;hsa04728;hsa04014;hsa04726;hsa05034
5159,GO:0034405;GO:0042060;GO:0035441;GO:0055093;GO:0032956;GO:0030335;GO:0043406;GO:0046488;GO:0032526;GO:0035789;GO:0048146;GO:0043066;GO:0060981;GO:0071670;GO:0048839;GO:0035791;GO:0048661;GO:0060326;GO:0035793;GO:2000491;GO:0060437;GO:0010863;GO:0072277;GO:0007165;GO:0072278;GO:0032516;GO:0072075;GO:0009636;GO:0007568;GO:0072262;GO:0001525;GO:0050921;GO:0055003;GO:0016477;GO:0007275;GO:0070374;GO:2000379;GO:0035025;GO:0043065;GO:0036120;GO:0046777;GO:0032355;GO:0072284;GO:2000573;GO:0014911;GO:0043627;GO:0048015;GO:0090280;GO:0014068;GO:0042542;GO:0045840;GO:0008284;GO:0007169;GO:0008584;GO:0006024;GO:0033674;GO:0035909;GO:0007186;GO:0061298;GO:0038091;GO:0043552;GO:0018108;GO:0048008;GO:0032967,GO:0005737;GO:0031226;GO:0005886;GO:0043235;GO:0009986;GO:0005925;GO:0016324;GO:0043202;GO:0043231;GO:0016020;GO:0005887;GO:0031410;GO:0005794;GO:0005634,GO:0005102;GO:0005161;GO:0005019;GO:0043548;GO:0004714;GO:0048407;GO:0019899;GO:0005515;GO:0019901;GO:0038085;GO:0019838;GO:0005524;GO:0005017;GO:0004992;GO:0004713,hsa04810;hsa05165;hsa04020;hsa04540;hsa05214;hsa05200;hsa05218;hsa05230;hsa05215;hsa04015;hsa04510;hsa04010;hsa04630;hsa05231;hsa04151;hsa04014;hsa04072;hsa05206
5335,GO:0019722;GO:1905564;GO:0050804;GO:0071364;GO:0043536;GO:0050852;GO:0051281;GO:0016477;GO:0045766;GO:0046488;GO:2000353;GO:0001701;GO:0010634;GO:0009395;GO:0007173;GO:0038095;GO:0002862,GO:0005737;GO:0005886;GO:0001726;GO:0005911;GO:0042995;GO:0030027;GO:0098978;GO:0032587;GO:0098685;GO:0008180;GO:0005829,GO:0050429;GO:0035254;GO:0004435;GO:0005515;GO:0019901;GO:0030971;GO:0004629;GO:0005509;GO:0005168,hsa04360;hsa04933;hsa04020;hsa04919;hsa04650;hsa04370;hsa05022;hsa05135;hsa05231;hsa04014;hsa05171;hsa05214;hsa04012;hsa04064;hsa05200;hsa04659;hsa05167;hsa04658;hsa04613;hsa04015;hsa05223;hsa04660;hsa04072;hsa04666;hsa05205;hsa05225;hsa05110;hsa04750;hsa04062;hsa04722;hsa04066;hsa05170;hsa04670;hsa05206;hsa04664;hsa05012;hsa00562;hsa04070;hsa04935;hsa05120;hsa05131;hsa05235;hsa05417
2057,GO:0007420;GO:0038162;GO:0007507;GO:0007165;GO:0046697,GO:0005887;GO:0005576;GO:0005886;GO:0016607,GO:0005515;GO:0042802;GO:0004900,hsa04640;hsa05200;hsa04630;hsa04151;hsa04060
2792,GO:0007602;GO:0010659;GO:0008104;GO:0007165;GO:0007186;GO:0071456;GO:0042462,GO:0001917;GO:0005834;GO:0097381,GO:0005515;GO:0003924;GO:0031681,hsa04724;hsa04371;hsa05032;hsa04744;hsa04713;hsa04926;hsa04014;hsa04726;hsa05200;hsa05167;hsa04723;hsa04151;hsa04062;hsa05170;hsa04728;hsa05034;hsa05163;hsa04727;hsa04725
1268,GO:0019222;GO:0007584;GO:0043278;GO:0031999;GO:0010976;GO:0098921;GO:0051001;GO:0007187;GO:0060405;GO:0045759;GO:0031622;GO:0051966;GO:0007413;GO:0032496;GO:0060135;GO:0007188;GO:0035094;GO:0038171;GO:0033004;GO:0050796;GO:0032228;GO:0014063;GO:0045471;GO:0002866;GO:0007189;GO:0007568;GO:0099553;GO:0042220;GO:0043065;GO:0042593;GO:0007613;GO:0033602;GO:0007283;GO:0045777;GO:0019233;GO:0045776;GO:0060259;GO:0099703,GO:0005737;GO:0005886;GO:0045121;GO:0099056;GO:0030426;GO:0015629;GO:0005741;GO:0098982;GO:0098978;GO:0005887;GO:0032592,GO:0004949;GO:0042802;GO:0004930;GO:0005515;GO:0099635,hsa04080;hsa04015;hsa04714;hsa04723
5295,GO:0033120;GO:0030335;GO:0032760;GO:0042307;GO:0048009;GO:1900103;GO:0006606;GO:0034446;GO:0043066;GO:0046326;GO:0008286;GO:0006468;GO:0034644;GO:0045671;GO:0046854;GO:0034976;GO:0045944;GO:0060396;GO:1903078;GO:0008625;GO:0032869;GO:0046626;GO:0010592;GO:0001678;GO:0030183;GO:0051491;GO:0050821;GO:0014065;GO:0043551;GO:0001953;GO:0008630;GO:0051497;GO:0120183,GO:0005737;GO:0005886;GO:0005911;GO:1990578;GO:0005942;GO:0048471;GO:0005943;GO:0016020;GO:0005801;GO:0005829;GO:0005634,GO:0035014;GO:0001784;GO:0036312;GO:0046935;GO:0043548;GO:0043125;GO:0046982;GO:0005515;GO:0005159;GO:0019903;GO:0043559;GO:0043560;GO:0005158;GO:0008134;GO:0005168;GO:0005068,hsa04914;hsa04926;hsa04668;hsa05211;hsa04213;hsa04613;hsa05215;hsa04660;hsa04151;hsa04072;hsa05205;hsa04550;hsa04923;hsa05415;hsa05170;hsa04611;hsa05213;hsa04670;hsa05226;hsa05212;hsa04380;hsa04935;hsa05131;hsa04210;hsa04725;hsa04919;hsa04650;hsa05020;hsa04370;hsa05017;hsa05231;hsa04014;hsa05171;hsa04931;hsa05418;hsa04015;hsa04915;hsa04929;hsa04666;hsa05224;hsa05225;hsa04750;hsa05010;hsa04722;hsa04630;hsa05160;hsa05218;hsa05206;hsa04664;hsa04070;hsa04140;hsa04068;hsa05168;hsa05165;hsa04625;hsa04932;hsa05166;hsa04152;hsa04071;hsa05221;hsa04620;hsa04062;hsa05146;hsa05100;hsa04662;hsa05164;hsa04960;hsa05235;hsa05203;hsa05142;hsa04810;hsa04360;hsa04933;hsa05135;hsa05214;hsa04012;hsa05200;hsa05167;hsa04150;hsa05223;hsa05222;hsa04510;hsa04218;hsa04910;hsa05230;hsa04930;hsa04066;hsa04024;hsa04211;hsa05210;hsa05163;hsa05220;hsa04917;hsa05169;hsa04973;hsa05162;hsa05417;hsa05161
1903,GO:0009653;GO:0019222;GO:0003376;GO:0007189;GO:0008284;GO:0007219;GO:1903141;GO:0007186;GO:0032651;GO:0006954;GO:0007204;GO:0007193,GO:0005737;GO:0005887;GO:0005576;GO:0005886,GO:0038036;GO:0005178;GO:0005515;GO:0004930;GO:0008289,hsa04080;hsa04071
1398,GO:1990314;GO:0035685;GO:0001878;GO:0032956;GO:0048013;GO:0043087;GO:0006629;GO:0021987;GO:1990090;GO:0008360;GO:0098749;GO:0060326;GO:0038026;GO:0001764;GO:0007165;GO:0021766;GO:0061847;GO:0006357;GO:0071560;GO:0071732;GO:0030036;GO:1902531;GO:0090630;GO:0035728;GO:0016477;GO:1990859;GO:0061045;GO:0009966;GO:0050773;GO:0014911;GO:0042542;GO:2000146;GO:0045953;GO:0035020;GO:0016358;GO:0030010;GO:1900026;GO:0033628;GO:2000404;GO:0043393,GO:0005737;GO:0005886;GO:0045121;GO:0015629;GO:0016020;GO:0032991;GO:0070062;GO:0005829;GO:0005634,GO:0001784;GO:0017124;GO:0030159;GO:0097110;GO:0019900;GO:0046875;GO:0005515;GO:0005159;GO:1990782;GO:0008092;GO:0031625;GO:0045309;GO:0035591;GO:0030971;GO:0042169;GO:0043621,hsa05135;hsa04010;hsa04012;hsa05200;hsa05211;hsa04015;hsa04510;hsa04666;hsa04910;hsa04062;hsa04722;hsa05170;hsa05206;hsa05100;hsa04935;hsa05131;hsa05163;hsa05220;hsa04810
10603,GO:0050873;GO:0019222;GO:0030036;GO:0035556;GO:0050853;GO:0050851;GO:0019221;GO:0007399;GO:0046578;GO:0001922;GO:0008286,GO:0005737;GO:0005886;GO:0001726;GO:0005884;GO:0001725;GO:0005829,GO:0042802;GO:0005515;GO:0042169;GO:0035591;GO:0005068,hsa04910;hsa04722
5082,GO:1902605;GO:0007601;GO:0061084;GO:0030030;GO:0006457;GO:0008277;GO:0045880;GO:0007165,GO:0005737;GO:0005829;GO:0005929,GO:0005515;GO:0044877,
7852,GO:0019722;GO:0043278;GO:0022008;GO:0006954;GO:0006955;GO:1990478;GO:0043067;GO:0071345;GO:0002064;GO:0008038;GO:0035470;GO:0060326;GO:0001764;GO:0022029;GO:0038160;GO:0007204;GO:0043217;GO:0050792;GO:0001666;GO:0050921;GO:0006915;GO:0002407;GO:0009615;GO:1903861;GO:0061154;GO:0050920;GO:0051924;GO:0007420;GO:0048714;GO:0014823;GO:1905322;GO:0046718;GO:2000448;GO:0045446;GO:0060048;GO:0007186;GO:0120162;GO:0050965;GO:0030155;GO:0071466;GO:0050966,GO:0005737;GO:0005886;GO:0031410;GO:0009986;GO:0016021;GO:0031252;GO:0005770;GO:0005764;GO:0009897;GO:0032991;GO:0005769;GO:0070062;GO:0030054;GO:0005634,GO:0043130;GO:0016493;GO:0019957;GO:0001618;GO:0016494;GO:0032027;GO:0004930;GO:0005515;GO:0003779;GO:0031625;GO:0015026;GO:0038147,hsa04360;hsa04670;hsa04020;hsa05200;hsa04062;hsa04672;hsa05163;hsa05170;hsa04060;hsa04061;hsa04144;hsa04810
1901,GO:0019222;GO:0061384;GO:0030335;GO:0030032;GO:0072678;GO:0030595;GO:0043547;GO:0001955;GO:0045944;GO:0006935;GO:0003376;GO:0007189;GO:0050927;GO:0001525;GO:0016477;GO:0031532;GO:0045124;GO:0007193;GO:0007420;GO:0007155;GO:0030500;GO:0045446;GO:0030182;GO:0051482;GO:0007186;GO:0051497;GO:0030155;GO:0003245;GO:0048661;GO:0019226,GO:0005737;GO:0031226;GO:0005886;GO:0045121;GO:0016021;GO:0005768;GO:0043231;GO:0009897;GO:0005654,GO:0038036;GO:0004930;GO:0005515;GO:0001664;GO:0046625,hsa04080;hsa04068;hsa04071
2793,GO:0007602;GO:0007186,GO:0005834,GO:0031681;GO:0003924,hsa05170;hsa04926;hsa04724;hsa05200;hsa04371;hsa05167;hsa05032;hsa04062;hsa05163;hsa04723;hsa04725;hsa04727;hsa04151;hsa04713;hsa04728;hsa04014;hsa04726;hsa05034
64407,GO:0008277;GO:0007186;GO:0009968;GO:0050790,GO:0005737;GO:0005886,GO:0005096;GO:0005515;GO:0003924,
3690,GO:0042060;GO:0007160;GO:0048333;GO:0010595;GO:0034446;GO:0034113;GO:0010745;GO:0099149;GO:0032369;GO:0014909;GO:0010888;GO:0070527;GO:0001938;GO:0051611;GO:0016477;GO:0007596;GO:0001934;GO:0045124;GO:0033627;GO:0007229;GO:0030168;GO:0035295;GO:0032147;GO:0032880;GO:0043277;GO:0050919;GO:0007155;GO:0038027;GO:0046718;GO:0050748;GO:1905598;GO:0060055;GO:0050731;GO:0030949;GO:0031589,GO:0043235;GO:0035868;GO:0042470;GO:0031092;GO:0031527;GO:0035866;GO:0008305;GO:0005925;GO:0098978;GO:0005654;GO:0032587;GO:0032991;GO:0005886;GO:0035867;GO:0005887;GO:0070062;GO:0045202;GO:0031258;GO:0005911;GO:0034683;GO:0009986;GO:0045211;GO:0071062;GO:0031528;GO:0005634,GO:0050840;GO:0005161;GO:0019960;GO:0001618;GO:0042802;GO:0005178;GO:0038132;GO:0043184;GO:0019899;GO:0005515;GO:0003756;GO:0070051;GO:0050839;GO:0015026;GO:0002020;GO:0001968;GO:0031994;GO:0017134,hsa05165;hsa04640;hsa04919;hsa04512;hsa05412;hsa05410;hsa05418;hsa04613;hsa04015;hsa04151;hsa04510;hsa05205;hsa04145;hsa05414;hsa04611;hsa05206;hsa04380;hsa05163;hsa05168;hsa04810
5921,GO:0008360;GO:0035556;GO:0048514;GO:0000281;GO:0007162;GO:0051252;GO:0001570;GO:0043524;GO:0043066;GO:0048013;GO:0001953;GO:0007165;GO:0046580;GO:0043547;GO:0030833,GO:0005737;GO:0005829;GO:0005886;GO:0001726,GO:0005096;GO:0005102;GO:0001784;GO:0051020;GO:0019870;GO:0005515;GO:0003924,hsa04360;hsa04014;hsa04010
3215,GO:0009653;GO:0045446;GO:0048704;GO:0009952;GO:0045944;GO:0006357,GO:0001650;GO:0000785;GO:0005654;GO:0005829;GO:0005634,GO:0000981;GO:1990837;GO:0005515;GO:0000978;GO:0001228,
29785,GO:0042573;GO:0006693;GO:0019373;GO:0042178;GO:0006082;GO:0006690;GO:0006805,GO:0005737;GO:0005783;GO:0043231;GO:0005789,GO:0016836;GO:0016712;GO:0008392;GO:0106256;GO:0004796;GO:0008395;GO:0005515;GO:0008401;GO:0036134;GO:0005506;GO:0004497;GO:0020037,hsa00980;hsa00830
23236,GO:1900087;GO:0016042;GO:0045892;GO:0048009;GO:0045893;GO:0046488;GO:0035723;GO:0021987;GO:0032735;GO:0007165;GO:0080154;GO:0050790;GO:0035722;GO:0046330;GO:2000560;GO:0000086;GO:0060466;GO:0099170;GO:1903140;GO:0048639;GO:2000344;GO:0048015;GO:0040019;GO:0007213;GO:0070498;GO:0007613;GO:0045444;GO:0045663;GO:2000438;GO:0008277;GO:0099178;GO:0007186;GO:0007215,GO:0005737;GO:0031965;GO:0098982;GO:0098794;GO:0000785;GO:0032991;GO:0016607;GO:0098978;GO:0070062;GO:0005829;GO:0005634,GO:0005096;GO:0042802;GO:0004435;GO:0005546;GO:0005515;GO:0019899;GO:0004629;GO:0005509;GO:0005521;GO:0005516,hsa04270;hsa04933;hsa04934;hsa04020;hsa04540;hsa04724;hsa04919;hsa04922;hsa04961;hsa04371;hsa05417;hsa05022;hsa04924;hsa04921;hsa04925;hsa05017;hsa04713;hsa04926;hsa04916;hsa04261;hsa04726;hsa04912;hsa05200;hsa04310;hsa04613;hsa04015;hsa04071;hsa04723;hsa04915;hsa04970;hsa04929;hsa04072;hsa05415;hsa04928;hsa04750;hsa04062;hsa04927;hsa04022;hsa05010;hsa05146;hsa04742;hsa04611;hsa04728;hsa04918;hsa04720;hsa04911;hsa00562;hsa04621;hsa04070;hsa04730;hsa04935;hsa04971;hsa04972;hsa05016;hsa04973;hsa05131;hsa05142;hsa05143;hsa05163;hsa04725
3643,GO:0045725;GO:0150104;GO:0019087;GO:0006355;GO:0030335;GO:0043406;GO:0060267;GO:0046326;GO:0008286;GO:0007612;GO:0005975;GO:0006468;GO:0032148;GO:0043410;GO:1990535;GO:0097062;GO:0051897;GO:0006898;GO:0045821;GO:0007275;GO:0002092;GO:0001934;GO:0032869;GO:0046777;GO:0048639;GO:0043243;GO:0003007;GO:0014068;GO:0042593;GO:0007613;GO:0032147;GO:0045840;GO:0008284;GO:0007169;GO:0045429;GO:0045995;GO:0033674;GO:0007186;GO:0018108;GO:0097242,GO:0005886;GO:0043235;GO:0005899;GO:0005901;GO:0005770;GO:0005764;GO:0030424;GO:0031981;GO:0009897;GO:0016020;GO:0005635;GO:0032809;GO:0005887;GO:0010008;GO:0070062;GO:0032590,GO:0031995;GO:0043548;GO:0004714;GO:0044877;GO:0005515;GO:0005159;GO:0043559;GO:0043560;GO:0001540;GO:0038024;GO:0019904;GO:0005524;GO:0005525;GO:0005009;GO:0004713;GO:0051425;GO:0031994,hsa04913;hsa04932;hsa04010;hsa04014;hsa04931;hsa04150;hsa04152;hsa04213;hsa04015;hsa04151;hsa04072;hsa04910;hsa04923;hsa05415;hsa05010;hsa04022;hsa04930;hsa04066;hsa04211;hsa04960;hsa04068;hsa04520
5782,GO:2000587;GO:0042246;GO:0071364;GO:1901185;GO:0035335;GO:0042058;GO:0006470,GO:0005737;GO:0005925;GO:0042995;GO:0002102;GO:0005654;GO:0005829;GO:0005634,GO:0017124;GO:0004726;GO:0005515;GO:0004725;GO:0004721,
3716,GO:0035556;GO:0006468;GO:0046677;GO:0060333;GO:0038110;GO:0007259;GO:0150105;GO:0019221;GO:1903672;GO:0060337;GO:0018108;GO:0034112;GO:0070102,GO:0005737;GO:0005925;GO:0005768;GO:0005856;GO:0016020;GO:0005829;GO:0005634,GO:0004714;GO:0005515;GO:0019903;GO:0031730;GO:0046872;GO:0031625;GO:0005524;GO:0004715;GO:0004713;GO:0005131,hsa05165;hsa05145;hsa05166;hsa05171;hsa04217;hsa05200;hsa04659;hsa05167;hsa04658;hsa04151;hsa04550;hsa05140;hsa05152;hsa04630;hsa05160;hsa05164;hsa05212;hsa04621;hsa04380;hsa05163;hsa05203;hsa05169;hsa05235;hsa05162;hsa05168;hsa05161
5175,GO:0150107;GO:0030335;GO:0035696;GO:0006909;GO:0050904;GO:0035633;GO:0007159;GO:0061028;GO:0007165;GO:0098742;GO:0008037;GO:0098609;GO:0001934;GO:0070830;GO:0007156;GO:0072672;GO:0072011;GO:0050731;GO:0007166,GO:0030667;GO:0005911;GO:0005886;GO:0045121;GO:0005887;GO:0031092;GO:0032991;GO:0005615;GO:0070062,GO:0005515;GO:0042803;GO:0004888,hsa04514;hsa04670;hsa05144;hsa05418
387882,,,,
25,GO:0090135;GO:0070301;GO:0006355;GO:0050798;GO:1990051;GO:0001922;GO:0071901;GO:0006464;GO:1904528;GO:0006974;GO:0034599;GO:0045184;GO:1904531;GO:0051496;GO:0060563;GO:0045931;GO:0046632;GO:0051353;GO:1903351;GO:0070374;GO:0006298;GO:1901216;GO:0001934;GO:0007229;GO:0038083;GO:0006979;GO:0060020;GO:0030155;GO:0030516;GO:0007173;GO:0018108;GO:0090050;GO:0051726;GO:0032956;GO:0006975;GO:0002322;GO:0034446;GO:0001843;GO:0035791;GO:1903053;GO:0045930;GO:0048536;GO:0032743;GO:0000278;GO:0007204;GO:0030036;GO:1905555;GO:0006914;GO:0042770;GO:0043124;GO:0046777;GO:0048668;GO:0008630;GO:1900026;GO:1902036;GO:0050731;GO:0071103;GO:2000773;GO:0043542;GO:0051444;GO:2000249;GO:2000096;GO:0050852;GO:2001020;GO:2000251;GO:0022408;GO:0030514;GO:0045944;GO:0043065;GO:0050885;GO:0070373;GO:0051882;GO:0072359;GO:0043123;GO:0031113;GO:0050853;GO:0038189;GO:0045580;GO:0009791;GO:2000352;GO:0030100;GO:0021587;GO:0010595;GO:1900275;GO:0006468;GO:0002333;GO:0030035;GO:2000145;GO:0042981;GO:0032489;GO:1905244;GO:0010506;GO:0033690;GO:0038096;GO:0032729;GO:0051894;GO:0048538;GO:1900272;GO:0071222;GO:0051281;GO:0006897,GO:0005737;GO:0005634;GO:0031965;GO:0030425;GO:0031252;GO:0015629;GO:0016604;GO:0048471;GO:0043025;GO:0098794;GO:0005654;GO:0032991;GO:0005739;GO:0005829;GO:0005730,GO:0070064;GO:0004714;GO:0051019;GO:0004715;GO:0016301;GO:0001784;GO:0004515;GO:0019905;GO:0046875;GO:0038191;GO:1990837;GO:0097100;GO:0030145;GO:0004713;GO:0000287;GO:0008022;GO:0000405;GO:0000400;GO:0003785;GO:0005080;GO:0042169;GO:0017124;GO:0003713;GO:0005515;GO:0005524;GO:0051015;GO:0003677;GO:0004672,hsa04360;hsa04110;hsa05130;hsa04012;hsa05200;hsa05220;hsa04722;hsa05416;hsa04014;hsa05206
3241,,GO:0016020,GO:0005509;GO:0005515,
57707,GO:0042127;GO:0031929;GO:0043200;GO:1903204;GO:0030334;GO:0031667;GO:0150032;GO:0032868,GO:0005737;GO:0016020;GO:0005654;GO:0005765;GO:0005829;GO:0005730,GO:0005515,
4688,GO:0042554;GO:0045730;GO:0045087;GO:0006909;GO:0022900;GO:0006968;GO:0006801;GO:0050790,GO:0043020;GO:0001669;GO:0016020;GO:0032010;GO:0005829,GO:0016176;GO:0005515;GO:0031267;GO:0009055;GO:0016175;GO:0008022,hsa05415;hsa05020;hsa05140;hsa04380;hsa04145;hsa05418;hsa04613;hsa05417;hsa04670
80820,GO:0006281;GO:0010875,GO:0005886;GO:0046658,GO:0003677;GO:0005515,
10451,GO:0051056;GO:0050853;GO:0009410;GO:0008361;GO:0038095;GO:0001525;GO:0006906;GO:0030593;GO:0030890;GO:0043087;GO:0007264;GO:0006974;GO:0030032;GO:0043552;GO:0007229;GO:0045785;GO:0038096;GO:0030168,GO:0001772;GO:0005829,GO:0005096;GO:0005515;GO:0046872;GO:0005154;GO:0005085,hsa05205;hsa04810;hsa04664;hsa04662;hsa04650;hsa04062;hsa05135;hsa04015;hsa04660;hsa05417;hsa04024;hsa04670;hsa04510;hsa04666
3265,GO:0098696;GO:0051726;GO:0035900;GO:0050679;GO:0030335;GO:0042832;GO:0043406;GO:0090398;GO:0071480;GO:0001889;GO:0043547;GO:0048169;GO:0097193;GO:0046579;GO:0043524;GO:0050852;GO:0043410;GO:0010863;GO:0007165;GO:2000251;GO:0009887;GO:0045944;GO:0032729;GO:0042088;GO:0006935;GO:1900029;GO:0046330;GO:0008285;GO:0045740;GO:0070374;GO:0090303;GO:0001934;GO:0034260;GO:0007265;GO:0010629;GO:0008284;GO:0090314;GO:2000630;GO:0006897;GO:0000165;GO:0007166,GO:0005737;GO:0005886;GO:0048471;GO:0098978;GO:0005654;GO:0000139;GO:0005794;GO:0005829;GO:0005789,GO:0019003;GO:0044877;GO:0005515;GO:0003925;GO:0005525;GO:0003924;GO:0008022,hsa04926;hsa04916;hsa05211;hsa04213;hsa05215;hsa04660;hsa04151;hsa04072;hsa05205;hsa04550;hsa05170;hsa05213;hsa05034;hsa05226;hsa04730;hsa04935;hsa04210;hsa04725;hsa04144;hsa04919;hsa04650;hsa04371;hsa04370;hsa04010;hsa05231;hsa04014;hsa04726;hsa04015;hsa04915;hsa04929;hsa05224;hsa05225;hsa05010;hsa04722;hsa04630;hsa05216;hsa05160;hsa05218;hsa05206;hsa04664;hsa05132;hsa04140;hsa04068;hsa05165;hsa04625;hsa04540;hsa05022;hsa05219;hsa04921;hsa05166;hsa04071;hsa05221;hsa04062;hsa04662;hsa05235;hsa05203;hsa04137;hsa04810;hsa04360;hsa04933;hsa04912;hsa05214;hsa04012;hsa05200;hsa05167;hsa04150;hsa05223;hsa04510;hsa04714;hsa04218;hsa04910;hsa05230;hsa04211;hsa04720;hsa05210;hsa05163;hsa05220;hsa04917;hsa05417;hsa05161
3937,GO:0035556;GO:0007169;GO:0050852;GO:0045576;GO:0045860;GO:0006955,GO:0036398;GO:0005911;GO:0005829;GO:0044853,GO:0005515,hsa04664;hsa04650;hsa04380;hsa05135;hsa04015;hsa04660;hsa04611
2781,GO:0007186;GO:0007188;GO:0007193,GO:0005886;GO:0005834;GO:0005635;GO:0005783;GO:0005829,GO:0031821;GO:0031683;GO:0005515;GO:0046872;GO:0001664;GO:0005525;GO:0003924,hsa04730
3480,GO:0030335;GO:1904646;GO:0048009;GO:0045056;GO:0006955;GO:0043066;GO:0008286;GO:0043410;GO:0007165;GO:0097062;GO:0051897;GO:0043409;GO:0007275;GO:0046777;GO:0043243;GO:0048015;GO:0014068;GO:0042593;GO:0038083;GO:0008284;GO:0007169;GO:0071333;GO:0033674;GO:0014065;GO:0120162;GO:0046328;GO:0097242,GO:0005886;GO:0043235;GO:0005899;GO:0030424;GO:0043231;GO:1902911;GO:0016020;GO:0035867;GO:0005887,GO:0005010;GO:0042802;GO:0043548;GO:0004714;GO:0140318;GO:0005515;GO:0043559;GO:0043560;GO:0005158;GO:0005524;GO:0005520;GO:0005009;GO:0004713;GO:0031994,hsa04913;hsa04914;hsa04010;hsa04014;hsa05214;hsa05200;hsa04150;hsa04152;hsa04213;hsa05215;hsa04015;hsa04151;hsa05202;hsa04510;hsa05205;hsa05224;hsa04550;hsa04114;hsa05225;hsa04066;hsa04211;hsa05218;hsa04730;hsa04140;hsa04068;hsa04520;hsa04144
2770,GO:0060236;GO:0050805;GO:1904778;GO:0007049;GO:1904322;GO:0007188;GO:0043434;GO:0051301;GO:0007186;GO:0043949;GO:0007193,GO:0005737;GO:0005886;GO:0045121;GO:0005834;GO:0099738;GO:0005813;GO:0005765;GO:0030496;GO:0070062;GO:0005634,GO:0019003;GO:0031821;GO:0031683;GO:0005515;GO:0001664;GO:0032794;GO:0005525;GO:0003924;GO:0000287,hsa04914;hsa04360;hsa04934;hsa04540;hsa04724;hsa04371;hsa05032;hsa04924;hsa05145;hsa04921;hsa04713;hsa04926;hsa04916;hsa04726;hsa04261;hsa05200;hsa04015;hsa04071;hsa04723;hsa04915;hsa04923;hsa04928;hsa04062;hsa05030;hsa04022;hsa05170;hsa04611;hsa04728;hsa04024;hsa04670;hsa05034;hsa05012;hsa04730;hsa04971;hsa04935;hsa05163;hsa05142;hsa04727;hsa05133;hsa04725
961,GO:0032675;GO:1904669;GO:0034113;GO:0032680;GO:0032649;GO:0071347;GO:0051496;GO:0050766;GO:1905450;GO:0016477;GO:0045428;GO:0050729;GO:0007229;GO:2000439;GO:0008284;GO:0022409;GO:0032655;GO:0071349;GO:0050870;GO:0032653;GO:0071346,GO:0035579;GO:0005886;GO:0009986;GO:0005887;GO:0070062;GO:0070821,GO:0005515;GO:0098632;GO:0070053;GO:0086080,hsa04512
2771,GO:0007584;GO:0050805;GO:0046628;GO:0030335;GO:0008283;GO:0007194;GO:1903614;GO:0033864;GO:0035815;GO:0007049;GO:0007188;GO:1904707;GO:0035810;GO:0007165;GO:0001973;GO:2000179;GO:0007189;GO:0045955;GO:0070374;GO:0007213;GO:0007193;GO:0032930;GO:0051924;GO:0008284;GO:2001234;GO:0007214;GO:0007186;GO:0140199;GO:0051301,GO:0005737;GO:0045202;GO:0005886;GO:0045121;GO:0044297;GO:0030425;GO:0005834;GO:0005813;GO:0016020;GO:0005654;GO:0030496;GO:1903561;GO:0070062;GO:0005829,GO:0031683;GO:0005515;GO:0046872;GO:0001664;GO:0005525;GO:0003924,hsa04914;hsa04360;hsa04934;hsa04540;hsa04724;hsa04371;hsa05032;hsa04924;hsa05145;hsa04921;hsa04713;hsa04926;hsa04916;hsa04726;hsa04261;hsa05200;hsa04015;hsa04071;hsa04723;hsa04915;hsa04923;hsa04928;hsa04062;hsa05030;hsa04022;hsa05170;hsa04611;hsa04728;hsa04024;hsa04670;hsa05034;hsa05012;hsa04730;hsa04971;hsa04935;hsa05163;hsa05142;hsa04727;hsa05133;hsa04725
5580,GO:0035556;GO:0032079;GO:0070301;GO:0023021;GO:0032956;GO:0016572;GO:0071447;GO:0051490;GO:0042307;GO:0090398;GO:0046627;GO:2000753;GO:0006468;GO:0018107;GO:0060326;GO:0034644;GO:0007049;GO:2001022;GO:0007165;GO:2001235;GO:1904385;GO:0050732;GO:0038096;GO:0043407;GO:0042119;GO:2000304;GO:0018105;GO:0042742;GO:0034351;GO:0008631;GO:0006915;GO:0032091;GO:0035307;GO:0043488;GO:0010469;GO:0016064;GO:0090331;GO:0032930;GO:0032147;GO:1900163;GO:0042100;GO:0050821;GO:0050728;GO:0030837;GO:0018108;GO:2000755;GO:2000303,GO:0005737;GO:0036019;GO:0005886;GO:0005911;GO:0016363;GO:0005576;GO:0048471;GO:0005654;GO:0035578;GO:0005739;GO:0005783;GO:0070062;GO:0005829;GO:0005634,GO:0019900;GO:0004714;GO:0019899;GO:0005515;GO:0019901;GO:0043560;GO:0046872;GO:0004674;GO:0005524;GO:0106310;GO:0004699;GO:0004698;GO:0004697;GO:0008047;GO:0004715;GO:0004672,hsa04270;hsa04912;hsa04933;hsa04625;hsa05415;hsa04931;hsa05020;hsa04621;hsa04750;hsa05131;hsa04062;hsa04140;hsa04722;hsa04930;hsa04915;hsa04666
94235,GO:0035176;GO:0007186;GO:0071444;GO:0043584;GO:0007399,GO:0005834;GO:0005886,GO:0005515;GO:0003924;GO:0031681,hsa05170;hsa04926;hsa04724;hsa05200;hsa04371;hsa05167;hsa05032;hsa04062;hsa05163;hsa04723;hsa04725;hsa04727;hsa04151;hsa04713;hsa04728;hsa04014;hsa04726;hsa05034
343035,GO:0007601;GO:0060041;GO:0050896;GO:0015031;GO:0031283,GO:0005737;GO:0001750;GO:0001917;GO:0005768;GO:0048471;GO:0005634,GO:0005515,
3932,GO:0035556;GO:0006882;GO:0006919;GO:0030097;GO:1903039;GO:0051209;GO:0006468;GO:0050852;GO:0034116;GO:0045087;GO:0050900;GO:0051249;GO:0030217;GO:0050862;GO:0030168;GO:0050853;GO:0009410;GO:2001244;GO:0007169;GO:0030154;GO:0031295;GO:0050870;GO:0018108;GO:0006470,GO:0031234;GO:0005886;GO:0045121;GO:0001772;GO:0070062;GO:0000242;GO:0005829,GO:0005102;GO:0043548;GO:0004714;GO:0042609;GO:0004715;GO:0001784;GO:0042608;GO:0042610;GO:0004713;GO:0008022;GO:0016004;GO:0051117;GO:0043274;GO:0019903;GO:0042169;GO:0042802;GO:0005515;GO:0019901;GO:0004722;GO:0005524,hsa04064;hsa04650;hsa05340;hsa04380;hsa04659;hsa05135;hsa04658;hsa05235;hsa04660;hsa05166
5777,GO:0035556;GO:0002244;GO:0033630;GO:0042267;GO:0050860;GO:0032720;GO:1905867;GO:0051279;GO:0042981;GO:0030220;GO:0019221;GO:0033277;GO:0045577;GO:0035335;GO:0060338;GO:0050732;GO:0070527;GO:0043407;GO:0002924;GO:0008285;GO:0032715;GO:0035855;GO:0014068;GO:0050853;GO:0008284;GO:2000045;GO:0030154;GO:0031295;GO:0042130;GO:0007186;GO:0018108;GO:0070372;GO:0006470,GO:0005737;GO:0005911;GO:0005576;GO:1904724;GO:0042105;GO:0035580;GO:0016020;GO:0005654;GO:0032991;GO:0005634;GO:0070062;GO:0005829;GO:0005730,GO:0017124;GO:0001784;GO:0140031;GO:0005001;GO:0005515;GO:0019901;GO:0050839;GO:0004725;GO:0042169,hsa05205;hsa04662;hsa05130;hsa04650;hsa05140;hsa05235;hsa04660;hsa04630;hsa04520
5793,GO:0007420;GO:0010977;GO:0007169;GO:1903385;GO:0035335;GO:0006470;GO:0010633,GO:0005887;GO:0070062,GO:0004725;GO:0005001;GO:0042802;GO:0005515,
613,GO:0051056;GO:0006468;GO:0050804;GO:0090630;GO:0030216;GO:0007264;GO:0007165;GO:0035023;GO:0046777;GO:0018108;GO:0048008;GO:0048041,GO:0098978;GO:0043197;GO:0030424;GO:0016020;GO:0032991;GO:0098685;GO:0099092;GO:0070062;GO:0005829,GO:0005096;GO:0019899;GO:0005515;GO:0004674;GO:0005524;GO:0106310;GO:0005085;GO:0004713,hsa05200;hsa05220
10681,GO:0036367;GO:1990603;GO:1901386;GO:0007212;GO:0007165;GO:0007186;GO:0043547,GO:0005737;GO:0098793;GO:0005834;GO:1902773;GO:0005829;GO:0005634,GO:0005096;GO:0030159;GO:0005515;GO:0031682;GO:0051087;GO:0003924,hsa05170;hsa04926;hsa04724;hsa05200;hsa04371;hsa05167;hsa05032;hsa04062;hsa05163;hsa04723;hsa04725;hsa04727;hsa04151;hsa04713;hsa04728;hsa04014;hsa04726;hsa05034
5747,GO:0042127;GO:0030335;GO:0048013;GO:0043087;GO:1900024;GO:0048010;GO:0035995;GO:0043066;GO:0008360;GO:0010632;GO:0051893;GO:0006468;GO:0043552;GO:0045087;GO:0048870;GO:0038007;GO:0022408;GO:0038096;GO:0045667;GO:0051897;GO:0060396;GO:0001525;GO:0010594;GO:0051493;GO:0016477;GO:0007172;GO:0090303;GO:0001932;GO:0007411;GO:0046777;GO:0001934;GO:0045860;GO:0010759;GO:0010763;GO:0007229;GO:0003007;GO:0014068;GO:0008284;GO:0007169;GO:2000811;GO:0030154;GO:2000060;GO:0030010;GO:0030155;GO:0007179;GO:0007173;GO:0033628;GO:0018108;GO:0120041;GO:0001890,GO:0005737;GO:0005938;GO:0031234;GO:0005886;GO:0005925;GO:0005856;GO:0043197;GO:0043231;GO:0036064;GO:0001725;GO:0005829;GO:0005634,GO:0005102;GO:0005178;GO:0004714;GO:0005515;GO:0019901;GO:0003779;GO:0019903;GO:0042169;GO:0005524;GO:0004715;GO:0004713;GO:0008432,hsa04360;hsa05165;hsa04370;hsa05135;hsa04012;hsa05200;hsa05418;hsa04151;hsa05202;hsa05222;hsa04510;hsa05205;hsa04062;hsa05146;hsa05170;hsa04670;hsa05100;hsa04935;hsa05131;hsa05163;hsa05417;hsa04810
8601,GO:0008277;GO:0007186;GO:0009968;GO:0050790,GO:0005737;GO:0005802;GO:0005886;GO:0005634,GO:0005096;GO:0005515;GO:0003924,
9412,GO:0001824;GO:0032774;GO:0019827;GO:0016567;GO:0045944;GO:0006357,GO:0016592;GO:0000151,GO:0061630;GO:0003899;GO:0005515;GO:0003713;GO:0003712,
5098,GO:0050808;GO:0016339;GO:0007155;GO:0007156,GO:0005887;GO:0016020,GO:0005509,
6774,GO:1905564;GO:0001754;GO:0010730;GO:0042127;GO:0051726;GO:1901215;GO:2001223;GO:0032757;GO:0033210;GO:0006355;GO:0030335;GO:0032733;GO:0060019;GO:0032760;GO:0008283;GO:0042789;GO:0099527;GO:0030522;GO:0045893;GO:0006954;GO:0006606;GO:0060397;GO:0070102;GO:0071407;GO:0044320;GO:1900017;GO:0010628;GO:1905618;GO:2000737;GO:2001171;GO:0019221;GO:0043434;GO:0072538;GO:1902895;GO:0007165;GO:0044321;GO:0001659;GO:0000122;GO:0045471;GO:0007399;GO:0006357;GO:0045944;GO:0046902;GO:0045648;GO:0051092;GO:0045747;GO:0050804;GO:0060396;GO:0007568;GO:0006953;GO:2000637;GO:0007259;GO:0008285;GO:0032731;GO:0032755;GO:2000635;GO:0032355;GO:0040014;GO:0006952;GO:0019953;GO:0042593;GO:0042755;GO:0072540;GO:1902728;GO:0009410;GO:0016310;GO:0045820;GO:1904685;GO:0032870;GO:0097009;GO:0010507;GO:0019827;GO:0048708;GO:0007179;GO:0060259;GO:0045766,GO:0005737;GO:0014069;GO:0090575;GO:0005886;GO:0098978;GO:0005743;GO:0000785;GO:0005654;GO:0098685;GO:0005667;GO:0005829;GO:0005634,GO:0005102;GO:0042803;GO:0000978;GO:0000976;GO:0035591;GO:0031490;GO:0003700;GO:0046983;GO:0000981;GO:0019903;GO:0070878;GO:0008134;GO:0004879;GO:0042802;GO:0061629;GO:0005515;GO:0019901;GO:0035259;GO:0031730;GO:0001228;GO:0003677,hsa04933;hsa05145;hsa05171;hsa04217;hsa04931;hsa05200;hsa05167;hsa04659;hsa05223;hsa05205;hsa04550;hsa05221;hsa04062;hsa04066;hsa04630;hsa05160;hsa04920;hsa05206;hsa05321;hsa05212;hsa04935;hsa05163;hsa05203;hsa04917;hsa04068;hsa05169;hsa05235;hsa05162;hsa05417;hsa05161
9294,GO:0019222;GO:0003376;GO:0007189;GO:0008284;GO:0046847;GO:1903142;GO:1904706;GO:0031532;GO:0007186;GO:0090394;GO:0010800;GO:0014912,GO:0005737;GO:0005886;GO:0016021,GO:0038036;GO:0005178;GO:0005515;GO:0004930;GO:0008528;GO:0008289;GO:0001664,hsa04080;hsa04071
56940,GO:0046330;GO:0042127;GO:0071364;GO:0051895;GO:0030336;GO:0035335;GO:1903996;GO:0007179;GO:0000122,GO:0005737;GO:0031941;GO:0005886;GO:0061851;GO:0005829,GO:0004726;GO:1990782;GO:0106307;GO:0004725;GO:0008138;GO:0106306,
5781,GO:1990314;GO:0021697;GO:0070301;GO:0046628;GO:0007409;GO:0033629;GO:0048013;GO:0032760;GO:0046676;GO:0048659;GO:0046887;GO:0046326;GO:0048011;GO:0060125;GO:0060325;GO:0048839;GO:0042445;GO:0032528;GO:0030220;GO:0019221;GO:0007507;GO:0033277;GO:0035335;GO:0060338;GO:1904385;GO:0045931;GO:0035265;GO:0048806;GO:0071364;GO:0048609;GO:0032755;GO:0051463;GO:0051894;GO:0070374;GO:0050731;GO:0009755;GO:0046825;GO:0007229;GO:0008543;GO:0035855;GO:0043254;GO:0061582;GO:0042593;GO:0000077;GO:0007420;GO:0038127;GO:0036302;GO:0071260;GO:0045778;GO:0031295;GO:0006641;GO:0060020;GO:0048873;GO:0035264;GO:0032331;GO:0007173;GO:0033628;GO:0032728;GO:0048008,GO:0005737;GO:0044853;GO:0005654;GO:0032991;GO:0005739;GO:0005829;GO:0005634,GO:0045296;GO:0001784;GO:0030159;GO:0004726;GO:0043274;GO:0005515;GO:0019901;GO:1990782;GO:0043560;GO:0031748;GO:0005158;GO:0019904;GO:0050839;GO:0051428;GO:0004725;GO:0030971;GO:0004721,hsa05205;hsa04360;hsa04625;hsa05130;hsa04650;hsa04931;hsa05211;hsa05120;hsa05235;hsa05220;hsa04722;hsa04630;hsa04920;hsa05168;hsa04014;hsa04670;hsa04072
2768,GO:0009410;GO:0032434;GO:1904753;GO:0010762;GO:0032006;GO:0007188;GO:0007596;GO:0007186;GO:0007266;GO:1904706,GO:0005737;GO:0016328;GO:0005886;GO:0005925;GO:0005834;GO:0031526,GO:0031683;GO:0005515;GO:0046872;GO:0001664;GO:0031752;GO:0005525;GO:0003924,hsa04270;hsa05130;hsa05200;hsa04730;hsa04928;hsa05163;hsa04022;hsa04071;hsa04010;hsa04072;hsa04810
695,GO:0019722;GO:0030889;GO:0007498;GO:0035556;GO:0097190;GO:0098761;GO:0045579;GO:0001805;GO:0002553;GO:0001812;GO:0002755;GO:0002250;GO:0006468;GO:0042113;GO:0045087;GO:0002721;GO:0050790;GO:0051092;GO:0046777;GO:0002344;GO:0038095;GO:0071226;GO:0050853;GO:0001818;GO:0034614;GO:0007249;GO:0048469;GO:0018108;GO:0002902,GO:0005737;GO:0005886;GO:0045121;GO:0048471;GO:0031410;GO:0005829;GO:0005634,GO:0005547;GO:0016004;GO:0042802;GO:0004714;GO:0043274;GO:0005515;GO:0046872;GO:0005524;GO:0004715;GO:0004713,hsa04664;hsa04662;hsa04064;hsa05340;hsa04380;hsa05169;hsa04611
134,GO:0006612;GO:0097190;GO:0050995;GO:0016042;GO:0099509;GO:0003093;GO:0045741;GO:0002686;GO:0006954;GO:0086004;GO:0006909;GO:0043066;GO:0050890;GO:0060079;GO:0007165;GO:1900453;GO:0001659;GO:0001973;GO:0070328;GO:0007399;GO:0001666;GO:0032244;GO:0046888;GO:0035814;GO:0051930;GO:0002087;GO:0003084;GO:0008285;GO:0035307;GO:0007267;GO:0051967;GO:0002674;GO:0060087;GO:1901216;GO:0003085;GO:0032229;GO:0007193;GO:0050996;GO:0043268;GO:0055089;GO:1900272;GO:0070256;GO:0032900;GO:0002793;GO:0042323;GO:0045822;GO:0050965;GO:0014050,GO:0030673;GO:0099055;GO:0014069;GO:0005886;GO:0099056;GO:0044305;GO:0043197;GO:0016323;GO:0043195;GO:0005887;GO:0005783;GO:0043025;GO:0048786,GO:0001609;GO:0031683;GO:0001883;GO:0005515;GO:0046982;GO:0031072;GO:0001664;GO:0032795;GO:0099582,hsa04080;hsa04923;hsa05032;hsa04022;hsa04924;hsa04071;hsa04024
1439,GO:0032496;GO:0036016;GO:0038156;GO:0038043;GO:0007165;GO:0007585,GO:0030526;GO:0005887;GO:0005886,GO:0004912;GO:0005515;GO:0004914;GO:0038023,hsa05200;hsa04060;hsa04210;hsa04630
3669,GO:0051607;GO:0045071;GO:0045087;GO:0006364;GO:0009615;GO:0090503;GO:0000738;GO:0006401,GO:0005737;GO:0016605;GO:0005654;GO:0005634;GO:0015030;GO:0005730,GO:0034511;GO:0030620;GO:0008310;GO:0030619;GO:0046872;GO:0000175;GO:0008859;GO:0004527,
5581,GO:0035556;GO:0043278;GO:0010634;GO:0071456;GO:0050730;GO:0030838;GO:0006468;GO:0007049;GO:0031663;GO:0035669;GO:0043410;GO:0051279;GO:0007165;GO:0031397;GO:0061178;GO:0038096;GO:0050790;GO:0018105;GO:0032230;GO:0006915;GO:1903078;GO:0090303;GO:2001031;GO:0032467;GO:0010763;GO:0002281;GO:0043123;GO:2000650;GO:0050996;GO:0007155;GO:0071380;GO:0035641;GO:0010811;GO:0032024;GO:0070257;GO:0051301;GO:0071361,GO:0005737;GO:0005886;GO:0045111;GO:0071944;GO:0048471;GO:0043231;GO:0005739;GO:0005783;GO:0005794;GO:0005829;GO:0005634,GO:0019899;GO:0005515;GO:0003785;GO:0046872;GO:0071889;GO:0004674;GO:0005524;GO:0106310;GO:0004699;GO:0030546;GO:0004698;GO:0004697;GO:0008047;GO:0035276;GO:0004672,hsa04270;hsa04933;hsa04931;hsa04371;hsa04750;hsa05131;hsa04530;hsa04022;hsa04930;hsa04071;hsa04925;hsa05206;hsa04666
1796,GO:0038145;GO:0007169;GO:0007165;GO:0007265;GO:0007166,GO:0005737;GO:0048471;GO:0005829;GO:0005634,GO:0005515,
4543,GO:0007623;GO:0007187;GO:0007186;GO:0007617;GO:0007193,GO:0005887;GO:0005886;GO:0043235,GO:0042562;GO:0004930;GO:0008502;GO:0005515;GO:0097159,hsa04080;hsa04713
60626,GO:0001944;GO:0008542;GO:0001701;GO:0007186;GO:0042074;GO:0050790;GO:0070586;GO:0071711;GO:0007193,GO:0005737;GO:0005886,GO:0005085;GO:0001965;GO:0005515,
2185,GO:0051968;GO:0051592;GO:2000538;GO:0060292;GO:2000114;GO:0071300;GO:0045638;GO:0043524;GO:0045087;GO:0006970;GO:0002040;GO:0014009;GO:0010758;GO:2000058;GO:0090630;GO:0071498;GO:0070374;GO:0043149;GO:2000573;GO:0050848;GO:0007229;GO:0065003;GO:0086100;GO:0042542;GO:0038083;GO:0007169;GO:0033209;GO:2000060;GO:0030155;GO:0007173;GO:0018108;GO:0000165;GO:0045453;GO:0048010;GO:0045727;GO:0008360;GO:0010226;GO:0048167;GO:0007204;GO:0048041;GO:0043267;GO:0043534;GO:0046777;GO:0002315;GO:0031175;GO:0009725;GO:0051000;GO:0042976;GO:0050731;GO:0007166;GO:0043507;GO:0010976;GO:0030502;GO:2000249;GO:2000463;GO:0010752;GO:0030838;GO:0051279;GO:0007165;GO:0046330;GO:0008285;GO:0042220;GO:0006915;GO:0007172;GO:0030307;GO:0045860;GO:0009410;GO:0009749;GO:0001556;GO:0035235;GO:0030335;GO:0001954;GO:0010595;GO:0043066;GO:0002250;GO:0006468;GO:0010656;GO:0045471;GO:0006968;GO:0001666;GO:2000310;GO:0060291;GO:2000379;GO:0051591;GO:0032960;GO:0009612;GO:0008284;GO:0035902;GO:0070098;GO:0030154;GO:0045429;GO:0043552;GO:0045766,GO:0005938;GO:0031234;GO:0044297;GO:0005856;GO:0030425;GO:0030027;GO:0030426;GO:0017146;GO:0005925;GO:0043025;GO:0005829;GO:0014069;GO:0097440;GO:0043197;GO:0005737;GO:0045121;GO:0048471;GO:0098978;GO:0005634,GO:0005102;GO:0043423;GO:0004714;GO:0044877;GO:0005515;GO:0031625;GO:0005524;GO:0004972;GO:0004713;GO:0004715;GO:0004683;GO:0008022,hsa04912;hsa04020;hsa04650;hsa04062;hsa05135;hsa05163;hsa05170;hsa04072;hsa04670;hsa05161
2064,GO:0035556;GO:0042060;GO:0048709;GO:0050679;GO:0045943;GO:0007528;GO:0007422;GO:0043406;GO:0045785;GO:0043547;GO:0008045;GO:0045727;GO:0071363;GO:0006468;GO:0045765;GO:0043410;GO:0007507;GO:0007165;GO:0007167;GO:0042552;GO:0032886;GO:0071364;GO:0007275;GO:0030307;GO:0046777;GO:0001934;GO:0008284;GO:0007169;GO:0033088;GO:0090314;GO:0030182;GO:0033674;GO:0014065;GO:0018108;GO:0070372;GO:0007166,GO:0005886;GO:0043235;GO:0016021;GO:0016324;GO:0009925;GO:0038143;GO:0048471;GO:0016323;GO:0043209;GO:0005887;GO:0005769;GO:0010008;GO:0005829;GO:0005634,GO:0042802;GO:0004888;GO:0004714;GO:0043125;GO:0005515;GO:0019903;GO:0046982;GO:0001042;GO:0005524;GO:0019838;GO:0004713;GO:0008022,hsa04020;hsa05219;hsa04010;hsa04012;hsa05200;hsa05215;hsa05223;hsa04151;hsa04510;hsa05205;hsa05224;hsa05230;hsa04066;hsa05213;hsa05206;hsa05226;hsa05212;hsa04530;hsa04520
7006,GO:0038083;GO:0035556;GO:0006468;GO:0050853;GO:0010543;GO:0042246;GO:0050852;GO:0050731;GO:0007229;GO:0018108;GO:0002250,GO:0005856;GO:0005886;GO:0005829,GO:0004714;GO:0005515;GO:0046872;GO:0005543;GO:0005524;GO:0004715;GO:0004713,hsa04380;hsa04660
554,GO:0010628;GO:0035814;GO:0008284;GO:0003084;GO:0008285;GO:0045907;GO:0001992;GO:0007188;GO:0035811;GO:0007599;GO:0007249;GO:0007186;GO:0007588;GO:0034097;GO:0007190;GO:0021537,GO:0005886;GO:0030669;GO:0016021;GO:0030139;GO:0005768;GO:0048471;GO:0005887;GO:0005783;GO:0005794,GO:0042277;GO:0004930;GO:0005515;GO:0005000,hsa04080;hsa04072;hsa04962
81669,GO:0006357;GO:0050790,GO:0043231;GO:0005654;GO:0016607;GO:0005634,GO:0016538;GO:0005515,
5795,GO:0010642;GO:0032760;GO:0051898;GO:0050860;GO:0045785;GO:0050918;GO:0035584;GO:0050852;GO:0043410;GO:0019221;GO:0035335;GO:0042059;GO:0043407;GO:0051897;GO:0030308;GO:1905451;GO:0008285;GO:0051894;GO:0030183;GO:0030336;GO:0030155;GO:0050731;GO:0048008;GO:0043116;GO:0006470;GO:0060242,GO:0035579;GO:0005911;GO:0005886;GO:0009986;GO:0001772;GO:0032587;GO:0005887;GO:0070062,GO:0045296;GO:0005161;GO:0005515;GO:0019901;GO:0016791;GO:0070097;GO:0008013;GO:0004725;GO:0045295;GO:0051019,hsa04520
6850,GO:0035556;GO:0043280;GO:1990858;GO:0043507;GO:0032757;GO:0032733;GO:0045579;GO:0071404;GO:0032760;GO:0033630;GO:0032928;GO:0090330;GO:0006606;GO:0002554;GO:0051090;GO:0002250;GO:0043313;GO:0051712;GO:0006468;GO:0046638;GO:0071639;GO:0038063;GO:0032481;GO:0019370;GO:0030593;GO:0031623;GO:0007159;GO:0032725;GO:0032752;GO:0032735;GO:0045087;GO:0032753;GO:0001775;GO:0009887;GO:0046641;GO:0038096;GO:0090237;GO:0048514;GO:0043366;GO:0010543;GO:0002283;GO:0018105;GO:0050764;GO:0001525;GO:0042742;GO:0032755;GO:0002366;GO:0038156;GO:0050731;GO:0002092;GO:0046777;GO:0031334;GO:0002223;GO:0007229;GO:0002281;GO:0038095;GO:0030168;GO:0050850;GO:0071226;GO:0032930;GO:0071396;GO:0050853;GO:0001945;GO:0043306;GO:0007169;GO:0030154;GO:0045780;GO:0120162;GO:0045588;GO:0010803;GO:0018108;GO:0002862;GO:0070372,GO:0005737;GO:0031234;GO:0019815;GO:0005886;GO:0042101;GO:0032009;GO:0032991;GO:0005829;GO:0005634,GO:0005102;GO:0001784;GO:0097110;GO:0005178;GO:0004714;GO:0043274;GO:0005515;GO:0019901;GO:0042169;GO:0019902;GO:0035325;GO:0004674;GO:0005524;GO:0004715;GO:0016170;GO:0004713;GO:0004672,hsa04664;hsa04625;hsa04662;hsa04064;hsa04650;hsa05168;hsa04380;hsa05152;hsa05167;hsa05203;hsa04613;hsa05169;hsa04151;hsa04611;hsa04072;hsa05171;hsa04666
8490,GO:0008277;GO:0007186;GO:0009968;GO:0050790,GO:0005737;GO:0005886,GO:0005096;GO:0005515;GO:0003924,
5336,GO:1902808;GO:0019722;GO:0035556;GO:1990858;GO:0070884;GO:0001878;GO:0032733;GO:0010634;GO:0032760;GO:0043122;GO:0009395;GO:0019216;GO:0051209;GO:0010628;GO:0150078;GO:1900227;GO:0032481;GO:0050852;GO:0031663;GO:0032237;GO:0032743;GO:0032735;GO:0032747;GO:0043410;GO:0001775;GO:0006661;GO:0002316;GO:0043069;GO:0051092;GO:0060907;GO:1903428;GO:0071277;GO:0061760;GO:0051091;GO:0032755;GO:0048678;GO:0032959;GO:0002092;GO:0002224;GO:0002223;GO:0038095;GO:0002281;GO:0050850;GO:0030168;GO:0071396;GO:0050853;GO:0030183;GO:0060100;GO:0002732;GO:1903721;GO:0050731;GO:0016055,GO:0005737;GO:0005886;GO:0048471;GO:0032587;GO:0097708;GO:0070062;GO:0005829,GO:0001784;GO:0140031;GO:0097110;GO:0004435;GO:0019901;GO:0005515;GO:1990782;GO:0004629,hsa04360;hsa04933;hsa04625;hsa04020;hsa04919;hsa04650;hsa04370;hsa04014;hsa05171;hsa05214;hsa04012;hsa04064;hsa05200;hsa05167;hsa04613;hsa05223;hsa04072;hsa04666;hsa05205;hsa05225;hsa05110;hsa04750;hsa04062;hsa04722;hsa04066;hsa05170;hsa04611;hsa04670;hsa05206;hsa04664;hsa04662;hsa00562;hsa04380;hsa04070;hsa04935;hsa05120;hsa05131;hsa05169
338761,GO:0048147;GO:0045599;GO:0070373,GO:0005615;GO:0005581,GO:0005515;GO:0042802,
1956,GO:0042060;GO:0051968;GO:1900087;GO:0051592;GO:0007611;GO:0043006;GO:0006970;GO:0042059;GO:0033138;GO:0051897;GO:0071392;GO:0071364;GO:1903078;GO:0045740;GO:0070374;GO:0001934;GO:0045739;GO:0032930;GO:0071276;GO:0038083;GO:1905208;GO:0046718;GO:0007169;GO:1902722;GO:1901224;GO:0033674;GO:0050999;GO:0097421;GO:0042311;GO:0007173;GO:0018108;GO:0048661;GO:0000165;GO:0048812;GO:0042698;GO:0045893;GO:1900020;GO:0042177;GO:0045930;GO:0071549;GO:0098609;GO:1903800;GO:0051205;GO:0046777;GO:0006412;GO:0033590;GO:0070257;GO:0007202;GO:0043586;GO:0070372;GO:0007166;GO:0043406;GO:0001503;GO:0014066;GO:0033594;GO:0007623;GO:0030324;GO:0007165;GO:0045944;GO:0045907;GO:0007275;GO:0030307;GO:0042743;GO:0070141;GO:0010750;GO:0034614;GO:0071466;GO:0010960;GO:0050679;GO:0030335;GO:0042327;GO:0090263;GO:0050730;GO:0043066;GO:0016101;GO:0045737;GO:0001942;GO:0048143;GO:0050729;GO:0008284;GO:0071260;GO:0030154;GO:0060252;GO:0007494;GO:0045780;GO:0046328,GO:0031901;GO:0043235;GO:0097489;GO:0009925;GO:0010008;GO:0030054;GO:0005925;GO:0005768;GO:0016324;GO:0016323;GO:0016020;GO:0032587;GO:0032991;GO:0097708;GO:0005789;GO:0005886;GO:0030669;GO:0031965;GO:0070435;GO:0005887;GO:0005737;GO:0045202;GO:0045121;GO:0009986;GO:0048471;GO:0000139;GO:0005615;GO:0005634,GO:0001618;GO:0005006;GO:0048408;GO:0004714;GO:0031625;GO:0045296;GO:0003682;GO:0030235;GO:0003690;GO:0004713;GO:0051117;GO:0005178;GO:0004888;GO:0019900;GO:0019899;GO:0019903;GO:0042802;GO:0005515;GO:0019901;GO:0004709;GO:0005524;GO:0051015;GO:0005516,hsa05165;hsa04934;hsa04020;hsa04540;hsa05219;hsa04921;hsa04010;hsa05231;hsa04926;hsa04014;hsa05171;hsa04912;hsa05214;hsa04012;hsa05200;hsa05215;hsa04015;hsa05223;hsa04915;hsa04151;hsa04072;hsa04510;hsa05205;hsa05224;hsa05225;hsa04928;hsa05230;hsa04066;hsa04630;hsa05160;hsa05213;hsa05218;hsa05206;hsa05226;hsa05212;hsa05210;hsa05120;hsa05131;hsa05163;hsa05235;hsa04068;hsa04520;hsa04144;hsa04810
2911,GO:0051930;GO:0060078;GO:0051966;GO:0071257;GO:0007626;GO:0019233;GO:0043410;GO:0051482;GO:0007216;GO:0007186;GO:0099566;GO:0098712;GO:0007196;GO:0007268,GO:0005886;GO:0038038;GO:0030425;GO:0098978;GO:0038037;GO:0098839;GO:0098685;GO:0005887;GO:0005634,GO:0099583;GO:0098872;GO:0004930;GO:0005515;GO:0099530;GO:0001640;GO:0008066,hsa04080;hsa04020;hsa04540;hsa04720;hsa04724;hsa04730;hsa05022;hsa04068;hsa04723;hsa05017;hsa04915;hsa04742;hsa04072
126306,GO:0003009;GO:0060314,GO:0033017;GO:0016529,GO:0005515,
6001,GO:0001975;GO:0009968;GO:0008277;GO:0007186;GO:0043547;GO:0007213,GO:0005886;GO:0043197;GO:0043025;GO:0043679;GO:0005829;GO:0005634,GO:0005096;GO:0005515;GO:0001965;GO:0003924,
154,GO:0071875;GO:0061885;GO:0040015;GO:1904646;GO:0002024;GO:0002032;GO:1904504;GO:0009409;GO:0007188;GO:0043410;GO:0002028;GO:0045986;GO:0002025;GO:0045944;GO:0008333;GO:0006898;GO:0030501;GO:0031649;GO:0071880;GO:0007171;GO:2000969;GO:0050873;GO:0010739;GO:2000481;GO:0120162;GO:1901098;GO:1990911;GO:0071902;GO:0007190;GO:0007166;GO:0045453,GO:0005886;GO:0010008;GO:0030669;GO:0043235;GO:0005768;GO:0016324;GO:0005764;GO:0016020;GO:0005887;GO:0005769;GO:0005794;GO:0005634,GO:0042802;GO:0008179;GO:0051380;GO:0044877;GO:0004930;GO:0005515;GO:0042803;GO:0004941;GO:0001540;GO:0015459,hsa04080;hsa04923;hsa04020;hsa04022;hsa04924;hsa04970;hsa04024;hsa04261
2903,GO:0019722;GO:0035235;GO:0097553;GO:0009611;GO:0022008;GO:1904646;GO:0033058;GO:0042177;GO:0007268;GO:0007611;GO:0060079;GO:0030431;GO:0097202;GO:0048167;GO:0045471;GO:1903539;GO:0060291;GO:0008542;GO:0043065;GO:0098976;GO:0007420;GO:0007613;GO:0001975;GO:0009410;GO:0019233;GO:0001964;GO:0042417;GO:0007215;GO:0042428,GO:0097060;GO:0017146;GO:0014069;GO:0005886;GO:0009986;GO:0008021;GO:0043197;GO:0098978;GO:0098839;GO:0042734;GO:0099061;GO:0030659;GO:0005887;GO:0005789,GO:0008270;GO:0005515;GO:0015276;GO:0001540;GO:0038023;GO:0022849;GO:0004972,hsa04020;hsa04724;hsa05020;hsa05022;hsa05017;hsa04713;hsa04014;hsa05033;hsa04015;hsa04080;hsa05010;hsa05030;hsa04728;hsa04024;hsa05322;hsa05034;hsa05014;hsa04720;hsa05031
1445,GO:0048709;GO:0034332;GO:0042997;GO:0043406;GO:0010989;GO:0002250;GO:0006468;GO:0033673;GO:0050852;GO:0050765;GO:0071375;GO:0060368;GO:0008285;GO:0032715;GO:0045779;GO:0046777;GO:0070373;GO:0007420;GO:0031295;GO:0018108,GO:0005737;GO:0045121;GO:0005886;GO:0005911;GO:0070062;GO:0005829,GO:0042802;GO:0070064;GO:0004714;GO:0005515;GO:0019903;GO:0046872;GO:0005524;GO:0004715;GO:0004713;GO:0034236;GO:0008022,hsa05120
2322,GO:0001776;GO:0042531;GO:0030097;GO:0043406;GO:0071345;GO:0002328;GO:0035726;GO:0042981;GO:0043410;GO:0019221;GO:0046651;GO:0097028;GO:0002318;GO:0031100;GO:0007275;GO:0071385;GO:0046777;GO:0038084;GO:0014068;GO:0008284;GO:0007169;GO:0030183;GO:0033674;GO:0010243;GO:0043552;GO:0018108,GO:0005886;GO:0043235;GO:0005788;GO:0005887;GO:0005783;GO:0010008;GO:0005829;GO:0005634,GO:0004714;GO:0044877;GO:0004896;GO:0005515;GO:0005021;GO:0035259;GO:0019838;GO:0005524;GO:0004713;GO:0043621,hsa04640;hsa05221;hsa05200;hsa05230;hsa04010;hsa04151;hsa05202;hsa04014
4924,GO:0072718;GO:0007264;GO:1903533;GO:0050790,GO:0005798;GO:0032580;GO:0005802;GO:0098547;GO:0005791;GO:0016020;GO:0005801;GO:0090498;GO:0005793;GO:0005615;GO:0005769;GO:0070062;GO:0005788;GO:0005634,GO:0005085;GO:0005515;GO:0001965;GO:0005509;GO:0003677,
58157,GO:0015671;GO:0006915,GO:0043204;GO:0005829;GO:0005739,GO:0019825;GO:0005515;GO:0005344;GO:0046872;GO:0020037,
27040,GO:0019722;GO:0035556;GO:0050863;GO:0043303;GO:0045860;GO:0010467;GO:0007265;GO:0042110;GO:0006954;GO:0007229;GO:0006955;GO:0002260;GO:0002250,GO:0005911;GO:0005886;GO:0016021;GO:0045121;GO:0001772;GO:0008180;GO:0005794,GO:0019901;GO:0005515;GO:0030159,hsa04664;hsa04064;hsa04650;hsa04659;hsa05135;hsa04658;hsa05235;hsa04015;hsa04660;hsa04014;hsa04666
7535,GO:0035556;GO:0042110;GO:0072678;GO:0006955;GO:0045060;GO:0002250;GO:0006468;GO:0046638;GO:0042113;GO:0050852;GO:0045087;GO:0046641;GO:0070489;GO:0045059;GO:0043366;GO:0045582;GO:0030217;GO:0046777;GO:0050850;GO:0007169;GO:0030154;GO:0018108,GO:0005737;GO:0031234;GO:0005886;GO:0005911;GO:0045121;GO:0001772;GO:0042101;GO:0005829,GO:0005102;GO:0001784;GO:0004714;GO:0005515;GO:0005524;GO:0004715;GO:0004713,hsa04064;hsa04650;hsa05340;hsa04659;hsa05135;hsa04658;hsa05235;hsa04660;hsa04014
156,GO:0002026;GO:0006468;GO:0033605;GO:0018107;GO:0018105;GO:0046718;GO:0007217;GO:0031623;GO:1901081;GO:0060048;GO:0007507;GO:0007186;GO:0009966;GO:0019079;GO:0003108;GO:0002029;GO:0045988;GO:0007213,GO:0005737;GO:0045202;GO:0005886;GO:0005929;GO:0016020;GO:0005829,GO:0005515;GO:0047696;GO:0001664;GO:0031694;GO:0005524;GO:0031755;GO:0004703;GO:0004672,hsa04724;hsa04340;hsa05032;hsa04062;hsa04144;hsa04740
1103,GO:0006836;GO:0006656;GO:0007274;GO:0008292,GO:0005737;GO:0045202;GO:0043005;GO:0005829;GO:0005634,GO:0004102,hsa00564;hsa04725
2791,GO:0007165;GO:0007186,GO:0005834;GO:0005886,GO:0005515;GO:0003924;GO:0031681,hsa05170;hsa04926;hsa04724;hsa05200;hsa04371;hsa05167;hsa05032;hsa04062;hsa05163;hsa04723;hsa04725;hsa04727;hsa04151;hsa04713;hsa04728;hsa04014;hsa04726;hsa05034
1816,GO:0042060;GO:0046960;GO:0007268;GO:0060292;GO:0033861;GO:0072593;GO:0001992;GO:0071870;GO:0007189;GO:0060158;GO:0001994;GO:0042220;GO:0071880;GO:0045762;GO:0001975;GO:0008306;GO:0001963;GO:0045776;GO:0007212;GO:0006874;GO:0045924;GO:0007191;GO:0007190;GO:0019226,GO:0045202;GO:0060170;GO:0005886;GO:0005929;GO:0097730;GO:0031526;GO:0005887,GO:0001588;GO:0004930;GO:0005515;GO:0035240;GO:0004952,hsa04080;hsa04728;hsa04024;hsa04020
6002,GO:0008277;GO:0007186;GO:0009968;GO:0050790,GO:0005737;GO:0045202;GO:0005886;GO:0016363;GO:0030425;GO:0005654;GO:0005634;GO:0000794;GO:0005829;GO:0005730,GO:0005096;GO:0005515;GO:0003924;GO:0030695,
8651,GO:0035556;GO:0042532;GO:0060334;GO:0001817;GO:0046627;GO:0019221;GO:0043086;GO:0046854;GO:0040008;GO:0016567;GO:0071230;GO:0043377;GO:0043372;GO:0007259;GO:0001932;GO:0010533;GO:0046426;GO:0045444;GO:0045591;GO:0043551,GO:0005737;GO:0005942;GO:0036464;GO:0005654;GO:0031410;GO:0005829,GO:0046935;GO:0019210;GO:0004860;GO:0019901;GO:0005515;GO:0005159,hsa04910;hsa04380;hsa04935;hsa04917;hsa04930;hsa05145;hsa04630;hsa04120;hsa05206
2534,GO:0035556;GO:0010730;GO:0042531;GO:0010976;GO:0048013;GO:1904646;GO:0050798;GO:0048010;GO:0042177;GO:0050730;GO:0002250;GO:0007612;GO:0008360;GO:2001240;GO:0006468;GO:1902951;GO:0000304;GO:0050852;GO:0043524;GO:0001764;GO:0045087;GO:0031397;GO:0071375;GO:0097062;GO:1905664;GO:0045471;GO:0038096;GO:0071560;GO:1903202;GO:0050900;GO:0050804;GO:0030900;GO:1904645;GO:1905232;GO:2001056;GO:0006816;GO:0007411;GO:1905477;GO:0007631;GO:0036120;GO:0046777;GO:0002223;GO:1901216;GO:0010629;GO:1905430;GO:0043123;GO:1900182;GO:0014068;GO:0042542;GO:0009410;GO:0007169;GO:0030154;GO:0090314;GO:0003015;GO:1900449;GO:0031295;GO:0018108;GO:0002862;GO:0050966;GO:0048813,GO:0014069;GO:0031234;GO:0005886;GO:0045121;GO:0044297;GO:0005768;GO:0030425;GO:0048471;GO:0005884;GO:0097386;GO:0098685;GO:0098978;GO:0097038;GO:0005739;GO:0099092;GO:0005829;GO:0005634,GO:0005102;GO:0043548;GO:0004714;GO:0042609;GO:0046872;GO:0050321;GO:0051428;GO:0004715;GO:0042608;GO:0046875;GO:0042610;GO:0004713;GO:0016004;GO:0048156;GO:0097110;GO:0043014;GO:0070851;GO:0043274;GO:0019899;GO:0042802;GO:0005515;GO:0005524;GO:0097718;GO:0044325;GO:0031802,hsa04360;hsa04664;hsa05130;hsa04650;hsa05020;hsa04380;hsa05416;hsa04071;hsa04660;hsa04725;hsa04520;hsa04611;hsa04072;hsa04510
6464,GO:0035556;GO:0098609;GO:0008284;GO:0007169;GO:0001525;GO:0007176;GO:0042742;GO:0043410;GO:0070374;GO:0007507;GO:0045892;GO:0031532;GO:0040008;GO:0071363;GO:0045893;GO:0007173;GO:0043066;GO:0008286,GO:0070435;GO:0005886;GO:0005829;GO:0005759,GO:0001784;GO:0046875;GO:0048408;GO:0005515;GO:0005159;GO:0019901;GO:0030971;GO:0005158;GO:0005543;GO:0005154;GO:0005168;GO:0005068,hsa04650;hsa04926;hsa04014;hsa05214;hsa04012;hsa04915;hsa04072;hsa04510;hsa04910;hsa05224;hsa05225;hsa04062;hsa04722;hsa05206;hsa05034;hsa05100;hsa05226;hsa04935;hsa05220;hsa04917
2782,GO:0010659;GO:0060041;GO:0071380;GO:0050909;GO:0071870;GO:0008283;GO:0007165;GO:0007186;GO:0007265;GO:0071456;GO:0007204;GO:0007191;GO:0007200;GO:0007213,GO:0005737;GO:0045202;GO:0005886;GO:0044297;GO:0001917;GO:0030425;GO:0005834;GO:0042622;GO:0016020;GO:0005765;GO:1903561;GO:0097381;GO:0070062;GO:0005829,GO:0051020;GO:0030159;GO:0047391;GO:0044877;GO:0005515;GO:0030507;GO:0003924,hsa04724;hsa04371;hsa05032;hsa04744;hsa04713;hsa04926;hsa04014;hsa04726;hsa05200;hsa05167;hsa04723;hsa04151;hsa04740;hsa04062;hsa05170;hsa04728;hsa05034;hsa05163;hsa04727;hsa04725
8503,GO:0002042;GO:0010628;GO:0036092;GO:0030335;GO:0043551;GO:0046854;GO:0001934;GO:0043491;GO:0008286,GO:0005942;GO:0005829,GO:0016303;GO:0046935;GO:0001784;GO:0005515,hsa04914;hsa04926;hsa04668;hsa05211;hsa04213;hsa04613;hsa05215;hsa04660;hsa04151;hsa04072;hsa05205;hsa04550;hsa04923;hsa05415;hsa05170;hsa04611;hsa05213;hsa04670;hsa05226;hsa05212;hsa04380;hsa04935;hsa05131;hsa04210;hsa04725;hsa04919;hsa04650;hsa05020;hsa04370;hsa05017;hsa05231;hsa04014;hsa05171;hsa04931;hsa05418;hsa04015;hsa04915;hsa04929;hsa04666;hsa05224;hsa05225;hsa04750;hsa05010;hsa04722;hsa04630;hsa05160;hsa05218;hsa05206;hsa04664;hsa04070;hsa04140;hsa04068;hsa05168;hsa05165;hsa04625;hsa04932;hsa05166;hsa04152;hsa04071;hsa05221;hsa04620;hsa04062;hsa05146;hsa05100;hsa04662;hsa05164;hsa04960;hsa05235;hsa05203;hsa05142;hsa04810;hsa04360;hsa04933;hsa05135;hsa05214;hsa04012;hsa05200;hsa05167;hsa04150;hsa05223;hsa05222;hsa04510;hsa04218;hsa04910;hsa05230;hsa04930;hsa04066;hsa04024;hsa04211;hsa05210;hsa05163;hsa05220;hsa04917;hsa05169;hsa04973;hsa05162;hsa05417;hsa05161
414149,,,GO:0008289;GO:0005515;GO:0000062,
867,GO:1901215;GO:0043303;GO:0042594;GO:0045742;GO:0043066;GO:1990090;GO:0006511;GO:0010332;GO:0007173;GO:0019221;GO:0006974;GO:0007165;GO:0016567;GO:0042059;GO:0045471;GO:0090650;GO:0048260;GO:0071364;GO:2000583;GO:0036120;GO:0070997;GO:0000209;GO:0035635;GO:0007175;GO:0014068;GO:0014823;GO:0046677;GO:0008584;GO:0006513;GO:0033574;GO:0032487;GO:0007166,GO:0005886;GO:0045121;GO:0005925;GO:0030426;GO:0048471;GO:0005929;GO:0016600;GO:0005794;GO:0005829,GO:0045296;GO:0001784;GO:0017124;GO:0036312;GO:0061630;GO:0004842;GO:0046875;GO:0005515;GO:0005509;GO:0005154;GO:0030971,hsa05205;hsa04910;hsa05100;hsa04012;hsa05200;hsa05220;hsa04144;hsa04120
84948,GO:0008150,GO:0005575;GO:0005634,GO:0003677;GO:0003674,
4690,GO:0010976;GO:0048013;GO:0030334;GO:0030032;GO:0036493;GO:0042110;GO:0051707;GO:0030838;GO:0046627;GO:0033137;GO:0042102;GO:1990441;GO:0007015;GO:0043086;GO:0007165;GO:0045944;GO:0070262;GO:1903676;GO:1903912;GO:0016477;GO:0007172;GO:0006930;GO:0060548;GO:1902237;GO:1903679;GO:1903898,GO:0005737;GO:0012506;GO:0005886;GO:0005911;GO:0000164;GO:0005840;GO:0005783;GO:0005829;GO:0005634,GO:0005102;GO:0045296;GO:0030159;GO:0004860;GO:0046875;GO:0005515;GO:0019904;GO:0030674;GO:0071074;GO:0035591;GO:0030971;GO:0008093,hsa04012;hsa04360;hsa05130;hsa04660
55188,GO:0008277;GO:0007186;GO:0050790,GO:0005737;GO:0005938;GO:0005886;GO:0005829,GO:0005085;GO:0001965,
2786,GO:0008277;GO:0007186;GO:0030308,GO:0005834;GO:0005886;GO:0070062,GO:0005515;GO:0031681,hsa05170;hsa04926;hsa04724;hsa05200;hsa04371;hsa05167;hsa05032;hsa04062;hsa05163;hsa04723;hsa04725;hsa04727;hsa04151;hsa04713;hsa04728;hsa04014;hsa04726;hsa05034
2776,GO:0001508;GO:0007189;GO:0007603;GO:0007188;GO:0007596;GO:0050821;GO:0009649;GO:0060828;GO:0007215;GO:0006469;GO:0007202;GO:0007213,GO:0005737;GO:0045202;GO:0005886;GO:0001750;GO:0031965;GO:0005834;GO:0005765;GO:0005794;GO:0070062,GO:0005096;GO:0031683;GO:0005515;GO:0046872;GO:0001664;GO:0005525;GO:0003924,hsa04270;hsa04934;hsa04020;hsa04540;hsa04724;hsa04922;hsa04961;hsa04371;hsa05022;hsa05135;hsa04924;hsa04921;hsa04925;hsa05017;hsa04713;hsa04916;hsa04726;hsa04261;hsa04912;hsa05200;hsa04015;hsa04071;hsa04723;hsa04915;hsa04970;hsa04929;hsa04928;hsa04750;hsa04062;hsa04927;hsa04022;hsa05010;hsa05146;hsa05170;hsa04611;hsa04728;hsa04918;hsa04720;hsa04911;hsa04730;hsa04971;hsa04935;hsa04972;hsa05016;hsa05163;hsa05142;hsa05143;hsa04725
2778,GO:0007606;GO:0007189;GO:0060348;GO:0007188;GO:0120162;GO:0048589;GO:0070527;GO:0007191;GO:0031279,GO:0005834;GO:0016324;GO:0005829;GO:0016020;GO:0070062,GO:0051430;GO:0010856;GO:0031683;GO:0005515;GO:0005159;GO:0035255;GO:0031748;GO:0046872;GO:0001664;GO:0031698;GO:0031852;GO:0005525;GO:0003924,hsa04913;hsa04270;hsa05165;hsa04934;hsa04020;hsa04540;hsa04724;hsa04922;hsa04961;hsa05032;hsa04924;hsa04921;hsa04925;hsa04713;hsa04926;hsa04916;hsa04962;hsa04976;hsa04726;hsa04261;hsa04912;hsa05200;hsa04015;hsa04915;hsa04970;hsa04072;hsa04714;hsa04923;hsa04928;hsa04750;hsa05110;hsa04927;hsa05030;hsa05414;hsa05146;hsa04611;hsa04728;hsa04024;hsa04918;hsa05034;hsa05012;hsa04911;hsa05031;hsa04730;hsa04971;hsa04935;hsa04972;hsa05163;hsa05142
23167,GO:0046854;GO:0072659,GO:0005886;GO:0005829,,
5999,GO:0007420;GO:0001975;GO:1901380;GO:0043278;GO:0042220;GO:1900924;GO:0010460;GO:1990791;GO:0045744;GO:0008277;GO:0061052;GO:0007186;GO:0060160;GO:0045471;GO:2000463;GO:0043547;GO:0110053;GO:0051924,GO:0005737;GO:0005886;GO:0032991;GO:0005829;GO:0005634,GO:0005096;GO:0005516;GO:0001965;GO:0003924,
2784,GO:0010906;GO:0010468;GO:0006884;GO:0090325;GO:0090181;GO:0007186;GO:0045598;GO:0090207;GO:0008217;GO:0060259;GO:0032350;GO:1903725,GO:0005737;GO:0044297;GO:0030425;GO:0005834;GO:0070062;GO:0005829,GO:0051020;GO:0030159;GO:0005515;GO:0030507;GO:0003924,hsa04724;hsa04371;hsa05032;hsa04713;hsa04926;hsa04014;hsa04726;hsa05200;hsa05167;hsa04723;hsa04151;hsa04062;hsa04742;hsa05170;hsa04728;hsa05034;hsa05163;hsa04727;hsa04725
2048,GO:0060996;GO:0048593;GO:0071679;GO:0021631;GO:0030335;GO:0048013;GO:0032760;GO:0046580;GO:0002639;GO:1904782;GO:0007612;GO:0010628;GO:0060997;GO:0007611;GO:0050771;GO:0007162;GO:0007413;GO:0021952;GO:0042113;GO:0051965;GO:0097104;GO:0007399;GO:0031290;GO:0106028;GO:0042472;GO:0099557;GO:0048170;GO:0001525;GO:0030193;GO:0007275;GO:1903078;GO:0007411;GO:0070373;GO:0030890;GO:1900273;GO:0001933;GO:0016310;GO:0007169;GO:0022038;GO:0050878;GO:0031915;GO:0033674;GO:0048168;GO:1904783;GO:0001655;GO:0006469;GO:0018108;GO:0060021,GO:0099055;GO:0005886;GO:0043235;GO:0099056;GO:0030425;GO:0005576;GO:0043005;GO:0030424;GO:0043025;GO:0098794;GO:0005654;GO:0098978;GO:0005887;GO:0005829,GO:0005102;GO:0008046;GO:0042802;GO:0004714;GO:0044877;GO:0005515;GO:0001540;GO:0005005;GO:0005524;GO:0004713,hsa04360
3635,GO:0030889;GO:0035556;GO:0050777;GO:0045579;GO:0045656;GO:0006796;GO:0046856;GO:0009968;GO:0050852;GO:0045671;GO:0007165;GO:0008340;GO:0006661;GO:0045648;GO:0006915;GO:0032715;GO:0045779;GO:0043065;GO:0016064;GO:0045659,GO:0005856;GO:0005886;GO:0005829;GO:0045121,GO:0017124;GO:0034485;GO:0004445;GO:0004439;GO:0005515;GO:0052659;GO:0016314;GO:0052658,hsa04664;hsa04662;hsa00562;hsa04070;hsa04666
2783,GO:0007186,GO:0005737;GO:0031982;GO:0044297;GO:0005925;GO:0005834;GO:0048471;GO:0016020;GO:0005765;GO:0005615;GO:0070062;GO:0005829,GO:0051020;GO:0030159;GO:0044877;GO:0005515;GO:0005246;GO:0003924,hsa05170;hsa04926;hsa04724;hsa05200;hsa04371;hsa05167;hsa05032;hsa04062;hsa05163;hsa04723;hsa04725;hsa04727;hsa04151;hsa04713;hsa04728;hsa04014;hsa04726;hsa05034
3815,GO:0035556;GO:0038162;GO:1904343;GO:0042127;GO:0070662;GO:0043303;GO:0042531;GO:0030335;GO:0002244;GO:0031274;GO:0048565;GO:0030032;GO:0030097;GO:0043406;GO:0060374;GO:1905065;GO:0006954;GO:0097067;GO:0097324;GO:0006687;GO:0046427;GO:0008360;GO:0002320;GO:0002551;GO:0060326;GO:0120072;GO:0035234;GO:0043410;GO:0010863;GO:0019221;GO:1904251;GO:0007165;GO:0008354;GO:0030218;GO:0002327;GO:0030318;GO:0050910;GO:0043069;GO:0045747;GO:0038109;GO:0002318;GO:0035701;GO:0048170;GO:0030217;GO:0051091;GO:0008542;GO:0007275;GO:0038093;GO:0031532;GO:0007286;GO:0046777;GO:1904349;GO:0035855;GO:0046686;GO:0014068;GO:0048103;GO:0001541;GO:0050673;GO:0007283;GO:0008284;GO:0007169;GO:0030183;GO:0008584;GO:0035019;GO:0032765;GO:0035162;GO:0033674;GO:0043473;GO:0002732;GO:0019827;GO:0043552;GO:0018108;GO:0097326;GO:0043586;GO:0048863,GO:0005886;GO:0005911;GO:0043235;GO:0001669;GO:0001650;GO:0009898;GO:0009897;GO:0005887;GO:0005615,GO:0004714;GO:0005515;GO:0042169;GO:0042803;GO:0046872;GO:0005524;GO:0002020;GO:0004713;GO:0005020;GO:0019955,hsa05224;hsa04640;hsa05221;hsa05200;hsa05230;hsa04015;hsa04010;hsa04151;hsa04916;hsa04014;hsa04072
259249,GO:1902349;GO:0007165;GO:0007186;GO:0006953;GO:0007166,GO:0005886;GO:0009986;GO:0016021,GO:0004930;GO:0004888,
29760,GO:0010628;GO:0050853;GO:0035556;GO:0030183;GO:0007169;GO:0006959;GO:0006954,GO:0005737;GO:0005886;GO:0036464;GO:0016020;GO:0005829,GO:0043274;GO:0019899;GO:0005515;GO:0019901;GO:0042169;GO:1990782;GO:0035591;GO:0005068,hsa04662;hsa04064;hsa05340;hsa04380;hsa05169
3055,GO:0007498;GO:0060333;GO:0006954;GO:0002522;GO:0051090;GO:0043066;GO:0008360;GO:0030838;GO:0045728;GO:0006468;GO:0002758;GO:0043299;GO:0031663;GO:0019221;GO:0045087;GO:2000251;GO:0038096;GO:0050764;GO:0046777;GO:0050727;GO:0007229;GO:0008284;GO:0007155;GO:0007169;GO:0030154;GO:0071801;GO:0018108;GO:0002862,GO:0031234;GO:0005886;GO:0030133;GO:0005925;GO:0005901;GO:0042995;GO:0005884;GO:0005764;GO:0043231;GO:0005794;GO:0005829;GO:0005634,GO:0005102;GO:0001784;GO:0004714;GO:0005515;GO:0005524;GO:0004715;GO:0004713,hsa04062;hsa05167;hsa04666
3791,GO:2001214;GO:0001569;GO:0043536;GO:0030335;GO:0002244;GO:0036324;GO:0043491;GO:1904881;GO:0048010;GO:0010595;GO:0043066;GO:0035924;GO:0008360;GO:0035584;GO:0043410;GO:0051770;GO:0001938;GO:0002042;GO:0016239;GO:0050927;GO:0001525;GO:0001570;GO:0051894;GO:0016477;GO:0007275;GO:0070371;GO:0070374;GO:0046777;GO:0001934;GO:0038084;GO:0090141;GO:0010629;GO:0014068;GO:0038083;GO:0061042;GO:0008284;GO:0007169;GO:0045446;GO:0035162;GO:0033674;GO:0038033;GO:0003158;GO:2000352;GO:0018108;GO:0090050;GO:0045766;GO:0051901,GO:0005886;GO:0043235;GO:0045121;GO:0097443;GO:0005768;GO:0005576;GO:0005887;GO:0005783;GO:0005769;GO:0005794;GO:0030054;GO:0005634,GO:0045296;GO:0042802;GO:0005178;GO:0004714;GO:0005515;GO:0005021;GO:0038085;GO:0051879;GO:0019838;GO:0005524;GO:0004713,hsa05205;hsa04020;hsa04370;hsa05418;hsa04015;hsa04010;hsa04151;hsa04014;hsa04510
2788,GO:0008277;GO:0007186,GO:0005834;GO:0005886;GO:0070062,GO:0005515;GO:0031681,hsa04724;hsa04371;hsa05032;hsa04713;hsa04926;hsa04014;hsa04726;hsa05200;hsa05167;hsa04723;hsa04151;hsa04740;hsa04062;hsa05170;hsa04728;hsa05034;hsa05163;hsa04727;hsa04725
6000,GO:0043547;GO:0035556;GO:0007186;GO:0009968,GO:0005886;GO:0005829,GO:0005096;GO:0031681;GO:0003924,
2904,GO:0007420;GO:0019722;GO:0051290;GO:0007611;GO:0035235;GO:0060079;GO:0097553;GO:1902951;GO:2001056;GO:0060291;GO:0007275;GO:1901216;GO:0007215;GO:0048167;GO:0098976;GO:0045471;GO:0007268,GO:0005737;GO:0017146;GO:0014069;GO:0097060;GO:0005886;GO:0009986;GO:0005856;GO:0043005;GO:0005770;GO:0005764;GO:0098839;GO:0045211;GO:0005887;GO:0005789,GO:0008270;GO:0016594;GO:0005515;GO:0015276;GO:0001540;GO:0038023;GO:0022849;GO:0004972;GO:0016595,hsa04724;hsa05020;hsa05022;hsa05017;hsa04713;hsa04014;hsa05033;hsa04015;hsa04080;hsa05010;hsa05030;hsa04728;hsa04024;hsa05322;hsa05034;hsa05014;hsa04720;hsa05031;hsa05016
2549,GO:0035728;GO:0001525;GO:0031532;GO:0038084;GO:0007173;GO:0038089;GO:0045766;GO:0090668;GO:0008286,GO:0005911;GO:0005829,GO:0005515,hsa05205;hsa05100;hsa04012;hsa05211;hsa05226;hsa05225;hsa04722;hsa04014;hsa04072
7525,GO:0071560;GO:0006464;GO:0043114;GO:0071300;GO:0007169;GO:0030154;GO:0031295;GO:0045087;GO:0048013;GO:0036120;GO:0010827;GO:0046777;GO:0050731;GO:0045944;GO:0018108;GO:0038096;GO:0002862;GO:0050900,GO:0031234;GO:0005886;GO:0005925;GO:0005815;GO:0005884;GO:0099091;GO:0070062;GO:0098978;GO:0005794;GO:0005829,GO:0005102;GO:0001784;GO:0004714;GO:0019899;GO:0005515;GO:0005524;GO:0005154;GO:0004715;GO:0044325;GO:0004713,hsa04520
2321,GO:0030335;GO:0002244;GO:0043406;GO:0048010;GO:0035924;GO:0036323;GO:0043410;GO:0010863;GO:0048514;GO:0001525;GO:0016477;GO:0007275;GO:1990384;GO:0046777;GO:0038084;GO:0014068;GO:0008284;GO:1905563;GO:0007169;GO:0033674;GO:0048598;GO:0002548;GO:0043552;GO:0018108;GO:0045766,GO:0005886;GO:0043235;GO:0005925;GO:0005768;GO:0015629;GO:0005887;GO:0005615,GO:0004714;GO:0005515;GO:0036332;GO:0005021;GO:0019838;GO:0005524,hsa04020;hsa05323;hsa04015;hsa04066;hsa04010;hsa04151;hsa05202;hsa04014;hsa04510
4916,GO:0010976;GO:0030335;GO:0048013;GO:0043406;GO:0090102;GO:1990090;GO:0010628;GO:0071300;GO:0051896;GO:0001764;GO:0032148;GO:0043410;GO:0048712;GO:0007507;GO:0048665;GO:1905606;GO:2000251;GO:0099151;GO:0045471;GO:0033138;GO:0090630;GO:0050927;GO:0038179;GO:0007275;GO:0048678;GO:0060548;GO:0070374;GO:0001934;GO:0014068;GO:0001933;GO:0008284;GO:0007169;GO:0051412;GO:0033674;GO:0018108,GO:0099055;GO:0005886;GO:0043235;GO:0030424;GO:0098978;GO:0005887,GO:0004714;GO:0002039;GO:0005515;GO:0043121;GO:0005004;GO:0005030;GO:0005524,hsa04722;hsa05230;hsa04020
1742,GO:0035176;GO:0016188;GO:2000463;GO:0007268;GO:2000821;GO:0048169;GO:0007612;GO:0060997;GO:0099645;GO:0098970;GO:0035418;GO:0007165;GO:0045184;GO:0007204;GO:0007399;GO:0071625;GO:0098609;GO:2000310;GO:0035865;GO:0097113;GO:0050885;GO:0061098;GO:0050806;GO:0065003;GO:0035641;GO:0097120;GO:0002091;GO:0150012;GO:0043113,GO:0031234;GO:0008021;GO:0005783;GO:0030054;GO:0097060;GO:0044309;GO:0098978;GO:0005829;GO:0030863;GO:0014069;GO:0005886;GO:0031594;GO:0044224;GO:0043197;GO:0032839;GO:0060076;GO:0098839;GO:0044300;GO:0005737;GO:0045202;GO:0030666;GO:0044306;GO:0043005;GO:0032281;GO:0045211,GO:0097109;GO:0031812;GO:0097110;GO:0019900;GO:0030165;GO:0044877;GO:0005515;GO:0019903;GO:0035255;GO:0031697;GO:0031748;GO:0033130;GO:0008022,hsa04724;hsa04390;hsa05016;hsa05022;hsa05030
3689,GO:0006911;GO:1904996;GO:0007160;GO:0071404;GO:0035987;GO:0006954;GO:0050730;GO:0008360;GO:0034113;GO:0045963;GO:1990266;GO:0030593;GO:0031623;GO:2000363;GO:0007159;GO:0098742;GO:0006898;GO:0098609;GO:0006915;GO:0007267;GO:0016477;GO:1901216;GO:0033627;GO:0007229;GO:0032930;GO:0007155;GO:0090314;GO:0001774;GO:0097242;GO:0043113;GO:0043315,GO:0035579;GO:0044853;GO:0005886;GO:0043235;GO:0009986;GO:0005925;GO:0034687;GO:0099568;GO:0034688;GO:0009897;GO:0016020;GO:1903561;GO:0034689;GO:0070062;GO:0008305;GO:0101003;GO:0070821,GO:0005178;GO:0005515;GO:0019901;GO:0031072;GO:0001540;GO:0046872;GO:0038024;GO:0050839;GO:0001851;GO:0030369,hsa04650;hsa05166;hsa04613;hsa04015;hsa05134;hsa04390;hsa04610;hsa05140;hsa05152;hsa05323;hsa04145;hsa05416;hsa05146;hsa04670;hsa04514;hsa05144;hsa05133;hsa05150;hsa04810
7074,GO:0043507;GO:0007160;GO:0030335;GO:0048013;GO:0007264;GO:0034622;GO:0051056;GO:1905274;GO:0010717;GO:0061178;GO:0016601;GO:1990138;GO:0090630;GO:0042220;GO:0006915;GO:0016477;GO:0060071;GO:0010718;GO:0072657;GO:0008284;GO:0061003;GO:0032092;GO:1904338;GO:2000050;GO:1904268;GO:0050772;GO:0098989;GO:0070372;GO:0003300,GO:0045202;GO:0031234;GO:0099147;GO:0005911;GO:0005886;GO:0043197;GO:0043025;GO:0044291;GO:0016020;GO:0032587;GO:0098978;GO:0044295;GO:0005874;GO:0005829;GO:0044304;GO:0005634,GO:0008017;GO:0019900;GO:0005515;GO:0008289;GO:0030971;GO:0005085,hsa05205;hsa04062;hsa04530;hsa04014;hsa04015;hsa04024;hsa04810
1436,GO:0030316;GO:0042531;GO:0030335;GO:0002931;GO:0002244;GO:0008283;GO:0030097;GO:0031529;GO:0030225;GO:2000147;GO:2000249;GO:0006954;GO:0046488;GO:0071345;GO:0008360;GO:0045217;GO:0019221;GO:0045087;GO:0007165;GO:0032722;GO:0007275;GO:0070374;GO:0046777;GO:0001934;GO:0061098;GO:0010759;GO:0045124;GO:0036006;GO:0048015;GO:0038145;GO:0008284;GO:0030224;GO:0007169;GO:0033674;GO:0060603;GO:0120041;GO:0018108;GO:0071902,GO:0005886;GO:0043235;GO:0009986;GO:0043231;GO:0005654;GO:1990682;GO:0005887,GO:0004714;GO:0005515;GO:0042803;GO:0005011;GO:0005524;GO:0004713;GO:0019955,hsa04640;hsa05221;hsa05200;hsa04380;hsa04015;hsa04060;hsa04010;hsa04151;hsa05202;hsa04061;hsa04014
5788,GO:2000473;GO:0010468;GO:0051726;GO:0061097;GO:0042098;GO:0044855;GO:0016311;GO:0002244;GO:0031953;GO:0032760;GO:0048539;GO:0042110;GO:0002639;GO:0061099;GO:0048304;GO:0051209;GO:0045060;GO:0050857;GO:0001916;GO:0034113;GO:0032703;GO:0035584;GO:0010332;GO:0044770;GO:0042102;GO:0048864;GO:0032677;GO:0007159;GO:0043410;GO:0032743;GO:0050852;GO:1904155;GO:0035335;GO:0046641;GO:0031668;GO:1903979;GO:0001779;GO:0002925;GO:0045059;GO:0050764;GO:1905451;GO:0030217;GO:0051607;GO:0070374;GO:0001915;GO:0006933;GO:0045860;GO:0046425;GO:0070373;GO:0030890;GO:0050853;GO:0030183;GO:0042100;GO:1903615;GO:2001238;GO:2000648;GO:0001960;GO:0006470;GO:0045588;GO:0006469;GO:0050731;GO:0007166,GO:0030667;GO:0005886;GO:0045121;GO:0009986;GO:0016021;GO:0005925;GO:0098857;GO:0009897;GO:0016020;GO:0032059;GO:0005887;GO:0070062;GO:0009898,GO:0005102;GO:0030506;GO:0005001;GO:0008201;GO:0005515;GO:0019901;GO:0030507;GO:0043395;GO:0004725,hsa04514;hsa05340;hsa05132;hsa04660;hsa04666
22920,GO:0044782;GO:0007018;GO:0008104;GO:0007017;GO:0008285;GO:0072383;GO:0007165;GO:0065003;GO:0043066;GO:0046587,GO:0097542;GO:1990075;GO:0032391;GO:0015630;GO:0016939;GO:0005929;GO:0036064;GO:0005813;GO:0005876;GO:0035869;GO:0005930;GO:0005783;GO:0000794;GO:0005829;GO:0005794,GO:0019894;GO:0005515;GO:0019903;GO:0120170,
2902,GO:0019722;GO:0051290;GO:0035235;GO:0097553;GO:0010524;GO:1904646;GO:1905429;GO:2000463;GO:0007268;GO:0060079;GO:0048167;GO:0045944;GO:0018964;GO:0045471;GO:1903428;GO:2001056;GO:0042391;GO:0008542;GO:0055074;GO:0098976;GO:0007420;GO:0006812,GO:0005737;GO:0017146;GO:0014069;GO:0045202;GO:0005886;GO:0097060;GO:0009986;GO:0030425;GO:0043005;GO:0008021;GO:0043197;GO:0043083;GO:0043195;GO:0060076;GO:0045211;GO:0005887;GO:0005789,GO:0016594;GO:0044877;GO:0005515;GO:0015276;GO:0001540;GO:0005262;GO:0005509;GO:0038023;GO:0022849;GO:0004972;GO:0016595;GO:0005516;GO:0042165,hsa04080;hsa05033;hsa05014;hsa04020;hsa04720;hsa04724;hsa05031;hsa05020;hsa05016;hsa05022;hsa04014;hsa05010;hsa04015;hsa05030;hsa05017;hsa04713;hsa04024;hsa05034
2596,GO:0007205;GO:0016198;GO:0042246;GO:0009611;GO:0031103;GO:0040008;GO:0099150;GO:0010001;GO:0051489;GO:0045165,GO:0005737;GO:0014069;GO:0005886;GO:0030425;GO:0098982;GO:0043204;GO:0032584;GO:0031527,GO:0001786;GO:0005515;GO:1901981;GO:0005516;GO:0035727,
6654,GO:0061384;GO:2000973;GO:1904693;GO:0033081;GO:0042129;GO:0045742;GO:0048011;GO:0019221;GO:0051057;GO:0007165;GO:0050790;GO:0050900;GO:0003209;GO:0048514;GO:0061029;GO:0001942;GO:0007411;GO:0007265;GO:0038095;GO:0003344;GO:0001782;GO:0007296;GO:0035264;GO:0007173;GO:0060021,GO:0005737;GO:0014069;GO:0005886;GO:0043025;GO:0005829,GO:0005096;GO:0017124;GO:0005085;GO:0046982;GO:0005515;GO:0003677,hsa05165;hsa04540;hsa04650;hsa04010;hsa05231;hsa04926;hsa04014;hsa04912;hsa05214;hsa04012;hsa05200;hsa05211;hsa04150;hsa05215;hsa05223;hsa04660;hsa04915;hsa04151;hsa04072;hsa04510;hsa04714;hsa04910;hsa05205;hsa05224;hsa05221;hsa05225;hsa04062;hsa04722;hsa04630;hsa05160;hsa05213;hsa05034;hsa05206;hsa04664;hsa04662;hsa05226;hsa05210;hsa04935;hsa05163;hsa05220;hsa04917;hsa04068;hsa05161;hsa04810
1394,GO:0007189;GO:0007567;GO:0007188;GO:0071376;GO:1901386;GO:0009755;GO:2000852;GO:0010578;GO:0051458;GO:0007565;GO:0006955;GO:0007190;GO:0007166,GO:0031226;GO:0005886;GO:0016021;GO:0005768;GO:0043005;GO:0005887,GO:0051424;GO:0005515;GO:0008528;GO:0017046;GO:0043404;GO:0015056,hsa04080;hsa04934;hsa04730
5579,GO:0035556;GO:0010827;GO:0042953;GO:0045893;GO:0002250;GO:0046627;GO:0006468;GO:0042113;GO:0007077;GO:0007165;GO:0006357;GO:0035408;GO:0051092;GO:0018105;GO:0006816;GO:0006915;GO:0099171;GO:0050861;GO:0043123;GO:0050853;GO:0071322;GO:2000300;GO:0010829;GO:0006874;GO:0045766;GO:0030949,GO:0005737;GO:0099523;GO:0005886;GO:0044305;GO:0005654;GO:0008091;GO:0070062;GO:0005829;GO:0005634,GO:0008270;GO:0003682;GO:0030374;GO:0005515;GO:0005246;GO:0035403;GO:0004674;GO:0005524;GO:0042393;GO:0050681;GO:0005080;GO:0004698;GO:0004697;GO:0106310,hsa04270;hsa04933;hsa04020;hsa04540;hsa04650;hsa04724;hsa04919;hsa04961;hsa04370;hsa05022;hsa05032;hsa04921;hsa04010;hsa04925;hsa05017;hsa04713;hsa05231;hsa04916;hsa04014;hsa04726;hsa05171;hsa04912;hsa05214;hsa04012;hsa04064;hsa04931;hsa05200;hsa04150;hsa04310;hsa04613;hsa04015;hsa04071;hsa04723;hsa05223;hsa04970;hsa04929;hsa04510;hsa04666;hsa05205;hsa05415;hsa05140;hsa05225;hsa04928;hsa04750;hsa04062;hsa04066;hsa05146;hsa05170;hsa04728;hsa04670;hsa04918;hsa05206;hsa04662;hsa04720;hsa04911;hsa05031;hsa05164;hsa04960;hsa04730;hsa04070;hsa04935;hsa04971;hsa04972;hsa05163;hsa04973;hsa05143;hsa04727;hsa04725;hsa05161
55824,GO:0035556;GO:0050863;GO:0002250;GO:0007165;GO:0050868,GO:0005886;GO:0016021;GO:0045121,GO:0035591;GO:0005515;GO:0042169,
1456,GO:0006464;GO:0018105;GO:0006897;GO:0007165;GO:0090263;GO:0016055,GO:0005737;GO:0005886;GO:0005634,GO:0106310;GO:0004674;GO:0005524;GO:0004672,hsa04340
10636,GO:0035556;GO:0031914;GO:0010070;GO:0007616;GO:0043547;GO:0050769;GO:0007612;GO:0043620;GO:0007051;GO:0000278;GO:0043407;GO:0006913;GO:0060291;GO:0008542;GO:0045744;GO:0070373;GO:0006979;GO:0007059;GO:0008277;GO:0007186;GO:0048008;GO:0051301,GO:0005737;GO:0016605;GO:0014069;GO:0000922;GO:0005886;GO:0030425;GO:0016604;GO:0043197;GO:0005813;GO:0005819;GO:0098978;GO:0005874;GO:0005634,GO:0005096;GO:0008017;GO:0030159;GO:0005515;GO:0001965;GO:0019901;GO:0005092;GO:0032794;GO:0003924,hsa04015
1946,GO:0051893;GO:0032956;GO:0006915;GO:1900025;GO:0048013;GO:0007411;GO:0043087;GO:0070507;GO:0001934;GO:0022407;GO:0007171;GO:0061178;GO:0050731;GO:0007399;GO:0022604,GO:0005901;GO:0005886;GO:0031362,GO:0046875;GO:0005515;GO:0005170;GO:0005169;GO:0030297;GO:0005168,hsa04360;hsa04015;hsa04010;hsa04151;hsa04014;hsa05206
50837,GO:0007186;GO:0001580,GO:0005886;GO:0016021,GO:0004930;GO:0033038;GO:0008527,hsa04742
5296,GO:0043409;GO:0014065;GO:0043551;GO:0046854;GO:0042307;GO:0032869;GO:0015031;GO:0034976;GO:0010506;GO:0045944;GO:0001678;GO:0008286,GO:0005942;GO:0005829;GO:0005634,GO:0046935;GO:0001784;GO:0046982;GO:0005515;GO:0019903;GO:0030971,hsa04914;hsa04926;hsa04668;hsa05211;hsa04213;hsa04613;hsa05215;hsa04660;hsa04151;hsa04072;hsa05205;hsa04550;hsa04923;hsa05415;hsa05170;hsa04611;hsa05213;hsa04670;hsa05226;hsa05212;hsa04380;hsa04935;hsa05131;hsa04210;hsa04725;hsa04919;hsa04650;hsa05020;hsa04370;hsa05017;hsa05231;hsa04014;hsa05171;hsa04931;hsa05418;hsa04015;hsa04915;hsa04929;hsa04666;hsa05224;hsa05225;hsa04750;hsa05010;hsa04722;hsa04630;hsa05160;hsa05218;hsa05206;hsa04664;hsa04070;hsa04140;hsa04068;hsa05168;hsa05165;hsa04625;hsa04932;hsa05166;hsa04152;hsa04071;hsa05221;hsa04620;hsa04062;hsa05146;hsa05100;hsa04662;hsa05164;hsa04960;hsa05235;hsa05203;hsa05142;hsa04810;hsa04360;hsa04933;hsa05135;hsa05214;hsa04012;hsa05200;hsa05167;hsa04150;hsa05223;hsa05222;hsa04510;hsa04218;hsa04910;hsa05230;hsa04930;hsa04066;hsa04024;hsa04211;hsa05210;hsa05163;hsa05220;hsa04917;hsa05169;hsa04973;hsa05162;hsa05417;hsa05161
203111,,,GO:0005515,
59345,GO:0007186;GO:0021762,GO:0005737;GO:0005834;GO:0005765;GO:0070062;GO:0005829,GO:0005515;GO:0030159;GO:0044877,hsa05170;hsa04926;hsa04724;hsa05200;hsa04371;hsa05167;hsa05032;hsa04062;hsa05163;hsa04723;hsa04725;hsa04727;hsa04151;hsa04713;hsa04728;hsa04014;hsa04726;hsa05034
7253,GO:1905229;GO:0007189;GO:0008284;GO:0038194;GO:1904588;GO:0007267;GO:0007187;GO:0009755;GO:0007186;GO:0120162;GO:0007190;GO:0007166,GO:0005886;GO:0043235;GO:0009986;GO:0016323;GO:0005887,GO:0044877;GO:0004996;GO:0005515;GO:0008528;GO:0038023,hsa04080;hsa04923;hsa05320;hsa04024;hsa04918
2767,GO:0045634;GO:0001508;GO:0060158;GO:0007603;GO:0048066;GO:0007188;GO:0001501;GO:0071467;GO:0007507;GO:0009649;GO:0007165;GO:0007213,GO:0005737;GO:0045202;GO:0005886;GO:0001750;GO:0005834;GO:0005765;GO:0070062,GO:0031683;GO:0005515;GO:0046872;GO:0001664;GO:0005525;GO:0003924,hsa04270;hsa04934;hsa04020;hsa04540;hsa04925;hsa04912;hsa05200;hsa04929;hsa04928;hsa04927;hsa04022;hsa05146;hsa05170;hsa04911;hsa04730;hsa04935;hsa05163;hsa05142;hsa04725
2785,GO:0007204;GO:0007186,GO:0014069;GO:0005886;GO:0044297;GO:0030425;GO:0005834,GO:0005515;GO:0003924;GO:0031681,hsa05170;hsa04926;hsa04724;hsa05200;hsa04371;hsa05167;hsa05032;hsa04062;hsa05163;hsa04723;hsa04725;hsa04727;hsa04151;hsa04713;hsa04728;hsa04014;hsa04726;hsa05034
284427,GO:1990544;GO:0015866;GO:0140021;GO:0015867,GO:0016021;GO:0005743;GO:0005739,GO:0005347;GO:0015217,
4684,GO:0046718;GO:2001260;GO:0007155;GO:0071679,GO:0005886;GO:0009986;GO:0016021;GO:0005576;GO:0043005;GO:0031225;GO:0009897;GO:0016020;GO:0000139;GO:0062023;GO:0005829,GO:0005515;GO:0001618,hsa05020;hsa04514
3667,GO:0045725;GO:0046627;GO:0071398;GO:0008284;GO:0032000;GO:0046628;GO:0014065;GO:0043434;GO:0046676;GO:0007165;GO:0032869;GO:0048009;GO:0043552;GO:0010907;GO:0046326;GO:0032868;GO:0042593;GO:0008286,GO:0005737;GO:0005886;GO:0005899;GO:0005901;GO:0043231;GO:0005654;GO:0005829;GO:0005634,GO:0001784;GO:0030159;GO:0043548;GO:0005515;GO:0005159;GO:0042169;GO:0005158;GO:0005080;GO:0005068,hsa04932;hsa04931;hsa04150;hsa04152;hsa04213;hsa04151;hsa04910;hsa04923;hsa05415;hsa05010;hsa04022;hsa04722;hsa04930;hsa04920;hsa04211;hsa05206;hsa04960;hsa04935;hsa04140;hsa04068
2773,GO:0007420;GO:0016239;GO:0006906;GO:0007049;GO:2001234;GO:0007188;GO:0046039;GO:0033864;GO:0007212;GO:1904707;GO:0007194;GO:0051301;GO:0007193;GO:0032930,GO:0005737;GO:0005886;GO:0045121;GO:0005834;GO:0042588;GO:0005813;GO:0016020;GO:0005765;GO:0030496;GO:0000139;GO:0070062;GO:0005789,GO:0019003;GO:0031821;GO:0031683;GO:0005515;GO:0046872;GO:0001664;GO:0019904;GO:0032794;GO:0005525;GO:0003924,hsa04914;hsa04360;hsa04934;hsa04540;hsa04724;hsa04371;hsa05032;hsa04924;hsa05145;hsa04921;hsa04713;hsa04926;hsa04916;hsa04726;hsa04261;hsa05200;hsa04015;hsa04071;hsa04723;hsa04915;hsa04923;hsa04928;hsa04062;hsa05030;hsa04022;hsa05170;hsa04611;hsa04728;hsa04024;hsa04670;hsa05034;hsa05012;hsa04730;hsa04971;hsa04935;hsa05163;hsa05142;hsa04727;hsa05133;hsa04725
151195,GO:0060828;GO:0045859,GO:0005886,GO:0061575;GO:0019901;GO:0005515,
6004,GO:0007601;GO:0009968;GO:0008277;GO:0007186;GO:0043547,GO:0005737;GO:0005886;GO:0031224,GO:0005096;GO:0005516;GO:0005515;GO:0003924,
5578,GO:0035556;GO:0045651;GO:0010613;GO:0097190;GO:0043536;GO:0002159;GO:0030335;GO:0090330;GO:0010595;GO:0070555;GO:0006468;GO:0018107;GO:0007077;GO:0035408;GO:0001938;GO:0045931;GO:0018105;GO:0001525;GO:0034351;GO:0043488;GO:0070374;GO:2000707;GO:0007155;GO:0031666;GO:0045780;GO:0106071;GO:0045785;GO:0045766,GO:0005737;GO:0005886;GO:0048471;GO:0070062;GO:0005654;GO:0005739;GO:0005783;GO:0031966;GO:0035866;GO:0005829,GO:0008270;GO:0005178;GO:0019899;GO:0005515;GO:0035403;GO:0004674;GO:0005524;GO:0106310;GO:0004698;GO:0004697;GO:0004672,hsa04270;hsa04360;hsa04933;hsa04020;hsa04540;hsa04650;hsa04724;hsa04919;hsa04961;hsa05417;hsa04370;hsa05022;hsa05032;hsa04921;hsa04010;hsa04925;hsa05017;hsa04713;hsa04926;hsa04916;hsa04014;hsa05231;hsa04261;hsa04726;hsa05171;hsa04912;hsa05214;hsa04012;hsa05200;hsa04150;hsa04310;hsa04613;hsa04015;hsa04071;hsa04723;hsa05223;hsa04151;hsa04970;hsa04929;hsa04072;hsa04510;hsa04666;hsa05205;hsa05415;hsa05225;hsa04928;hsa04750;hsa05110;hsa04066;hsa05146;hsa05170;hsa04728;hsa04670;hsa04918;hsa05206;hsa04664;hsa04720;hsa04911;hsa05031;hsa05164;hsa04960;hsa04730;hsa04070;hsa04935;hsa04971;hsa04972;hsa05163;hsa05143;hsa04727;hsa04725;hsa05161
4985,GO:0097237;GO:0007187;GO:0051881;GO:0071456;GO:0006955;GO:0071363;GO:0008344;GO:0031333;GO:0032793;GO:0033138;GO:0051930;GO:0010629;GO:0007200;GO:0007193;GO:0051924;GO:0042755;GO:0007218;GO:0038003;GO:0007186,GO:0031226;GO:0098992;GO:0005886;GO:0045121;GO:0097444;GO:0099056;GO:0043005;GO:0099061;GO:0005887;GO:0030285;GO:0043679;GO:0032590,GO:0042277;GO:0004930;GO:0005515;GO:0042923;GO:0033612;GO:0038046;GO:0004985,hsa04080;hsa04022;hsa04071
92181,,GO:0005737,GO:0005515,
1234,GO:0019722;GO:0006954;GO:0006955;GO:0023052;GO:0060326;GO:0007204;GO:0014808;GO:0006968;GO:0006935;GO:0006816;GO:0007267;GO:0002407;GO:0070723;GO:0046718;GO:0071222;GO:0070098;GO:0007186;GO:0000165;GO:0007166,GO:0005737;GO:0005886;GO:0009986;GO:0005768;GO:0009897;GO:0005887,GO:0016493;GO:0019957;GO:0001618;GO:0042802;GO:0004435;GO:0005515;GO:0003779;GO:0015026;GO:0004950;GO:0071791,hsa05167;hsa04062;hsa05163;hsa05203;hsa05145;hsa05170;hsa04060;hsa04061;hsa04144
22979,GO:0046854;GO:0072659,GO:0015629;GO:0005886;GO:0005829,GO:0005515,
3717,GO:0042531;GO:0045348;GO:1901731;GO:0043524;GO:0031959;GO:1904707;GO:0051770;GO:0007167;GO:0032516;GO:0007260;GO:0046425;GO:0014068;GO:1902728;GO:0033209;GO:0120162;GO:0070102;GO:0018108;GO:0034612;GO:0006919;GO:0045597;GO:0043388;GO:0019221;GO:0007204;GO:0097191;GO:0060396;GO:0007259;GO:0060391;GO:0051091;GO:0070757;GO:0046777;GO:0050727;GO:0061180;GO:0007186;GO:0032024;GO:0042976;GO:0050731;GO:0097296;GO:0035556;GO:0060333;GO:0032760;GO:0042307;GO:0099527;GO:0060397;GO:0038065;GO:0007165;GO:0022408;GO:0008285;GO:0006915;GO:1904037;GO:0035409;GO:0001774;GO:0010811;GO:0060399;GO:0070671;GO:0007498;GO:0030041;GO:0030335;GO:0002250;GO:0006468;GO:0032496;GO:0042981;GO:0010572;GO:0043392;GO:0030218;GO:0035722;GO:0050804;GO:0010667;GO:0008631;GO:0032731;GO:0045428;GO:0050729;GO:0046677;GO:0030154;GO:0045429;GO:0031103;GO:2000273;GO:0045822;GO:0033194;GO:0048008,GO:0005737;GO:0005886;GO:0045121;GO:0005925;GO:0005856;GO:0005901;GO:0098978;GO:0031904;GO:0098794;GO:0005654;GO:0000791;GO:0005634;GO:0005829;GO:0005730,GO:0005102;GO:0043548;GO:0004714;GO:0046872;GO:0005143;GO:0033130;GO:0004715;GO:0051428;GO:0004713;GO:0008022;GO:0005131;GO:0043560;GO:0035401;GO:0042393;GO:0042169;GO:0020037;GO:0042802;GO:0005515;GO:0019901;GO:0031702;GO:0005524;GO:0004672,hsa04933;hsa05145;hsa04217;hsa05200;hsa04659;hsa05167;hsa04658;hsa04151;hsa04550;hsa05140;hsa05152;hsa04062;hsa04630;hsa04920;hsa05164;hsa04935;hsa05235;hsa04917;hsa04725;hsa05417;hsa05168;hsa05161
6915,GO:0019932;GO:0030194;GO:0007584;GO:0007189;GO:0009410;GO:0045777;GO:0071222;GO:0038193;GO:0045907;GO:0045987;GO:0007186;GO:0033574;GO:0090051;GO:0006954;GO:0007204;GO:0045471;GO:0045766;GO:0050790,GO:0005887;GO:0001669;GO:0005886;GO:0016607,GO:0004961;GO:0005085;GO:0005515,hsa04080;hsa04611;hsa04020
2885,GO:0071479;GO:0030838;GO:0007568;GO:0030154;GO:0031623;GO:0042770;GO:0043408;GO:2000379;GO:0031532;GO:0007265;GO:0007173;GO:0048646;GO:0060670;GO:0008286,GO:0005737;GO:0012506;GO:0005886;GO:0005911;GO:0005768;GO:0070062;GO:0070436;GO:0005654;GO:0005634;GO:0008180;GO:0005794;GO:0005829;GO:0005730,GO:0001784;GO:0017124;GO:0042802;GO:0046875;GO:0044877;GO:0005515;GO:0019901;GO:0019903;GO:0043560;GO:0030674;GO:0005154;GO:0005168;GO:0003723,hsa05165;hsa04540;hsa04650;hsa04010;hsa05231;hsa04926;hsa04014;hsa04912;hsa05214;hsa04012;hsa05200;hsa05211;hsa04150;hsa05215;hsa05223;hsa04660;hsa04915;hsa04151;hsa04072;hsa04510;hsa04714;hsa04910;hsa05205;hsa05224;hsa04550;hsa05221;hsa05225;hsa04062;hsa04722;hsa04630;hsa05160;hsa05213;hsa05034;hsa05206;hsa04664;hsa04662;hsa05226;hsa04380;hsa05210;hsa04935;hsa05163;hsa05203;hsa04917;hsa04068;hsa05220;hsa05161
51764,GO:0007186;GO:0007200;GO:0050909,GO:0030425;GO:0005834;GO:0005886,GO:0005515;GO:0031681,hsa04724;hsa04371;hsa05032;hsa04713;hsa04926;hsa04014;hsa04726;hsa05200;hsa05167;hsa04723;hsa04151;hsa04740;hsa04062;hsa04742;hsa05170;hsa04728;hsa05034;hsa05163;hsa04727;hsa04725
84248,GO:0006406,GO:0005654;GO:0016607,GO:0003729;GO:0003723;GO:0005515,
6237,GO:0060325;GO:0002521;GO:0051896;GO:2001214;GO:0010595;GO:1904906;GO:0030336;GO:0007265;GO:0045766;GO:0070372,GO:0005925;GO:0005886;GO:0070062,GO:0019003;GO:0044877;GO:0005515;GO:0005525;GO:0003924,hsa05205;hsa04218;hsa04360;hsa04625;hsa04810;hsa04371;hsa05132;hsa04014;hsa04140;hsa04015;hsa04010;hsa04137;hsa04024;hsa04072
3702,GO:0046629;GO:0038083;GO:0035556;GO:0050853;GO:0001819;GO:0001865;GO:0050852;GO:0007165;GO:0042110;GO:0007202;GO:0006968;GO:0002250,GO:0005911;GO:0005886;GO:0005829;GO:0005634,GO:0004714;GO:0005515;GO:0046872;GO:0005524;GO:0004715;GO:0004713,hsa04062;hsa04670;hsa04660
219771,GO:0000086;GO:0045859;GO:0060828;GO:0045737;GO:0051301;GO:0016055,GO:0005634;GO:0005886;GO:0000308,GO:0061575;GO:0016538;GO:0005515;GO:0019901,
9846,GO:0030316;GO:0008284;GO:0043306;GO:0007169;GO:0048015,GO:0005737;GO:0005886;GO:0005829,GO:0005547;GO:0043325;GO:0005515;GO:0005068,hsa04664;hsa04380;hsa04014;hsa05220;hsa04071;hsa04072;hsa04666
